Workbook

Sheet README
A1: FORMULA-DRIVEN DAM ANALYSIS - sold and purchased volumes in the Day Ahead Market through power exchanges
A2: Source: CERC Market Monitoring monthly reports, 2020-01 to 2026-03. Units: MU.
A4: HOW THE SHEETS CHAIN (no pasted numbers beyond the first two)
A5: 1. Monthly_Sold, Monthly_Purchased - raw rows as printed in the reports (month, entity, volume, %). Columns CY, FY, Player, Group are formulas.
A6: 2. Mapping - printed name -> Player -> Group. The only place names are decided. Edit Player/Group here and every downstream sheet recalculates.
A7: 3. Annual_* - SUMIFS over the Monthly sheet by Player and year. Includes TOTAL, unique rank on TOTAL, unique rank per year, and a reconciliation row (OK / MISMATCH) against the Monthly sheet.
A8: 4. Top15_* - pulls players ranked 1-15 from Annual_* by INDEX/MATCH; Others = Total - top 15. Share block below.
A9: 5. Top15_ByYear_* - each year's own top 15 from the per-year rank columns of Annual_*.
A10: 6. AnnualGroup_* / Top15Group_* - same as 3-4 but by parent Group (Adani Green SPVs, NTPC stations etc. rolled up).
A12: PERIODS
A13: - CY = calendar year. FY = April-March fiscal year.
A14: - Partial periods: CY 2026: 2026-01 to 2026-03 only; FY FY2019-20: 2020-01 to 2020-03 only.
... A26: - Workbook is set to recalculate fully on open. If a sheet shows zeros, press Ctrl+Alt+F9 in Excel.

Sheet Mapping
A1: printed_name (normalised) | B1: Player <- edit | C1: Group <- edit | D1: renamed | E1: tables | F1: first_month | G1: last_month | H1: months | I1: total_mu
A2: GUJARAT | B2: GUJARAT | C2: GUJARAT | E2: purchased/sold | F2: 2020-01 | G2: 2026-03 | H2: 150 | I2: 69790.74
A3: TELANGANA | B3: TELANGANA | C3: TELANGANA | E3: purchased/sold | F3: 2020-01 | G3: 2026-03 | H3: 149 | I3: 57343.18
A4: UTTAR PRADESH | B4: UTTAR PRADESH | C4: UTTAR PRADESH | E4: purchased/sold | F4: 2020-01 | G4: 2026-03 | H4: 150 | I4: 52545.06
A5: MAHARASHTRA | B5: MAHARASHTRA | C5: MAHARASHTRA | E5: purchased/sold | F5: 2020-01 | G5: 2026-03 | H5: 150 | I5: 38444.52
A6: ANDHRA PRADESH | B6: ANDHRA PRADESH | C6: ANDHRA PRADESH | E6: purchased/sold | F6: 2020-01 | G6: 2026-03 | H6: 150 | I6: 33738.21
A7: WEST BENGAL | B7: WEST BENGAL | C7: WEST BENGAL | E7: purchased/sold | F7: 2020-01 | G7: 2026-03 | H7: 148 | I7: 31439.47
A8: TAMIL NADU | B8: TAMIL NADU | C8: TAMIL NADU | E8: purchased/sold | F8: 2020-01 | G8: 2026-03 | H8: 149 | I8: 26111.9
A9: RAJASTHAN | B9: RAJASTHAN | C9: RAJASTHAN | E9: purchased/sold | F9: 2020-01 | G9: 2026-03 | H9: 150 | I9: 24950.74
A10: PUNJAB | B10: PUNJAB | C10: PUNJAB | E10: purchased/sold | F10: 2020-01 | G10: 2026-03 | H10: 126 | I10: 20849.27
A11: ODISHA | B11: ODISHA | C11: ODISHA | E11: purchased/sold | F11: 2020-01 | G11: 2026-03 | H11: 150 | I11: 20811.77
A12: HARYANA | B12: HARYANA | C12: HARYANA | E12: purchased/sold | F12: 2020-01 | G12: 2026-03 | H12: 149 | I12: 17890.55
A13: BIHAR | B13: BIHAR | C13: BIHAR | E13: purchased/sold | F13: 2020-01 | G13: 2026-03 | H13: 148 | I13: 17882.84
... A16: DELHI | B16: DELHI | C16: DELHI | E16: purchased/sold | F16: 2020-01 | G16: 2026-03 | H16: 150 | I16: 15766.17
A17: MP | B17: MADHYA PRADESH | C17: MADHYA PRADESH | D17: yes | E17: purchased/sold | F17: 2020-01 | G17: 2024-07 | H17: 110 | I17: 12654.59
A18: HIMACHAL PRADESH | B18: HIMACHAL PRADESH | C18: HIMACHAL PRADESH | E18: purchased/sold | F18: 2020-01 | G18: 2026-03 | H18: 150 | I18: 11842.55
A19: J & K | B19: JAMMU & KASHMIR | C19: JAMMU & KASHMIR | D19: yes | E19: purchased/sold | F19: 2020-01 | G19: 2024-07 | H19: 91 | I19: 11332.54
A20: UTTARAKHAND | B20: UTTARAKHAND | C20: UTTARAKHAND | E20: purchased/sold | F20: 2020-01 | G20: 2026-03 | H20: 135 | I20: 11296.96
A21: SEMBCORP | B21: SEIL ENERGY INDIA (EX-SEMBCORP) | C21: SEIL ENERGY INDIA | D21: yes | E21: sold | F21: 2020-01 | G21: 2024-07 | H21: 53 | I21: 8978.48
A22: ASSAM | B22: ASSAM | C22: ASSAM | E22: purchased/sold | F22: 2020-01 | G22: 2026-03 | H22: 136 | I22: 8884.77
A23: TEESTA STG3 | B23: TEESTA URJA (TEESTA-III HEP) | C23: TEESTA URJA (TEESTA-III HEP) | D23: yes | E23: sold | F23: 2020-01 | G23: 2022-08 | H23: 30 | I23: 8347.91
A24: JAYPEE NIGRIE | B24: JAYPEE NIGRIE STPP | C24: JAYPEE NIGRIE STPP | D24: yes | E24: sold | F24: 2020-01 | G24: 2024-07 | H24: 55 | I24: 7183.88
A25: JINDAL STAGE-II | B25: JINDAL POWER LTD - STAGE 2 | C25: JINDAL POWER LTD (BOTH STAGES) | D25: yes | E25: purchased/sold | F25: 2020-02 | G25: 2024-07 | H25: 54 | I25: 7137.04
A26: KERALA | B26: KERALA | C26: KERALA | E26: purchased/sold | F26: 2020-01 | G26: 2026-03 | H26: 150 | I26: 6957.96
A27: JINDAL POWER | B27: JINDAL POWER LTD - STAGE 1 | C27: JINDAL POWER LTD (BOTH STAGES) | D27: yes | E27: purchased/sold | F27: 2020-01 | G27: 2024-07 | H27: 57 | I27: 6646.39
A28: NEPAL(NVVN) | B28: NEPAL (NEA / NVVN) | C28: NEPAL (NEA / NVVN) | D28: yes | E28: purchased/sold | F28: 2021-04 | G28: 2024-07 | H28: 46 | I28: 6246.72
A29: JINDAL POWER LIMITED, STAGE-2 | B29: JINDAL POWER LTD - STAGE 2 | C29: JINDAL POWER LTD (BOTH STAGES) | D29: yes | E29: purchased/sold | F29: 2024-08 | G29: 2026-03 | H29: 21 | I29: 6213.66
A30: ESSAR POWER | B30: MAHAN ENERGEN (EX-ESSAR POWER MP) | C30: ADANI POWER (ALL PLANTS) | D30: yes | E30: sold | F30: 2020-01 | G30: 2024-07 | H30: 55 | I30: 5936.77
A31: JITPL | B31: JINDAL INDIA THERMAL POWER (JITPL) | C31: JINDAL INDIA THERMAL POWER (JITPL) | D31: yes | E31: sold | F31: 2020-01 | G31: 2024-07 | H31: 55 | I31: 5822.96
A32: DB POWER | B32: DB POWER | C32: DB POWER | E32: sold | F32: 2020-01 | G32: 2024-07 | H32: 55 | I32: 5715.87
A33: MADHYA PRADESH | B33: MADHYA PRADESH | C33: MADHYA PRADESH | E33: purchased/sold | F33: 2024-08 | G33: 2026-03 | H33: 40 | I33: 5161.25
A34: RPREL | B34: ADANI POWER - RAIPUR TPP (EX-GMR CHHATTISGARH) | C34: ADANI POWER (ALL PLANTS) | D34: yes | E34: sold | F34: 2020-04 | G34: 2023-06 | H34: 39 | I34: 4015.94
A35: MB POWER | B35: MB POWER (MP) | C35: MB POWER (MP) | D35: yes | E35: purchased/sold | F35: 2020-01 | G35: 2024-07 | H35: 60 | I35: 3923.55
A36: AMPS HAZIRA | B36: AM/NS INDIA (HAZIRA) | C36: AM/NS INDIA (HAZIRA) | D36: yes | E36: purchased/sold | F36: 2020-04 | G36: 2024-07 | H36: 53 | I36: 3713.12
A37: ADANI POWER LIMITED-RAIPUR TPP | B37: ADANI POWER - RAIPUR TPP (EX-GMR CHHATTISGARH) | C37: ADANI POWER (ALL PLANTS) | D37: yes | E37: purchased/sold | F37: 2024-08 | G37: 2026-03 | H37: 23 | I37: 3648.21
A38: JHARKHAND | B38: JHARKHAND | C38: JHARKHAND | E38: purchased/sold | F38: 2020-01 | G38: 2026-03 | H38: 133 | I38: 3136.46
A39: DRUK GREEN POWER CORPORATION LIMITED (DGPCL-BHUTAN) | B39: DRUK GREEN POWER (BHUTAN) | C39: DRUK GREEN POWER (BHUTAN) | D39: yes | E39: purchased | F39: 2024-11 | G39: 2026-03 | H39: 11 | I39: 2706
A40: JINDAL POWER LIMITED, STAGE-1 | B40: JINDAL POWER LTD - STAGE 1 | C40: JINDAL POWER LTD (BOTH STAGES) | D40: yes | E40: sold | F40: 2024-08 | G40: 2026-03 | H40: 20 | I40: 2644.25
A41: DD&DNH | B41: DNH & DD (UT) | C41: DNH & DD (UT) | D41: yes | E41: purchased | F41: 2022-06 | G41: 2024-07 | H41: 26 | I41: 2565.94
A42: ARTPP | B42: ADANI POWER - RAIPUR TPP (EX-GMR CHHATTISGARH) | C42: ADANI POWER (ALL PLANTS) | D42: yes | E42: sold | F42: 2023-07 | G42: 2024-07 | H42: 13 | I42: 2430.58
A43: DAMAN AND DIU - DADRA AND NAGAR HAVELI | B43: DNH & DD (UT) | C43: DNH & DD (UT) | D43: yes | E43: purchased | F43: 2024-08 | G43: 2026-03 | H43: 20 | I43: 2365.91
A44: ACBIL | B44: ACB (INDIA) | C44: ACB (INDIA) | D44: yes | E44: sold | F44: 2020-01 | G44: 2024-07 | H44: 53 | I44: 2320.52
A45: JAYPEE NIGRIE SUPER THERMAL POWER PLANT | B45: JAYPEE NIGRIE STPP | C45: JAYPEE NIGRIE STPP | D45: yes | E45: purchased/sold | F45: 2024-08 | G45: 2026-03 | H45: 21 | I45: 2184.18
A46: ADANI POWER LIMITED - RAIGARH TPP | B46: ADANI POWER - RAIGARH TPP (EX-REGL) | C46: ADANI POWER (ALL PLANTS) | D46: yes | E46: purchased/sold | F46: 2024-08 | G46: 2026-03 | H46: 25 | I46: 2058.01
A47: DGPCL BHUTAN | B47: DRUK GREEN POWER (BHUTAN) | C47: DRUK GREEN POWER (BHUTAN) | D47: yes | E47: purchased/sold | F47: 2022-01 | G47: 2024-05 | H47: 15 | I47: 2038.17
A48: REGL | B48: ADANI POWER - RAIGARH TPP (EX-REGL) | C48: ADANI POWER (ALL PLANTS) | D48: yes | E48: sold | F48: 2020-02 | G48: 2023-10 | H48: 41 | I48: 2004.77
A49: RKM POWER | B49: RKM POWERGEN | C49: RKM POWERGEN | D49: yes | E49: sold | F49: 2020-11 | G49: 2024-07 | H49: 43 | I49: 1979.25
A50: GOA | B50: GOA | C50: GOA | E50: purchased/sold | F50: 2020-01 | G50: 2024-07 | H50: 110 | I50: 1905.23
A51: NEPAL ELECTRICITY AUTHORITY MUZAFFARPUR | B51: NEPAL (NEA / NVVN) | C51: NEPAL (NEA / NVVN) | D51: yes | E51: purchased/sold | F51: 2024-08 | G51: 2026-03 | H51: 20 | I51: 1799.19
A52: MEGHALAYA | B52: MEGHALAYA | C52: MEGHALAYA | E52: purchased/sold | F52: 2020-01 | G52: 2026-03 | H52: 134 | I52: 1776.31
A53: KARCHAM WANGTOO | B53: KARCHAM WANGTOO HEP | C53: KARCHAM WANGTOO HEP | D53: yes | E53: sold | F53: 2020-01 | G53: 2024-07 | H53: 55 | I53: 1698.46
A54: ADANI RENEWABLE ENERGY HOLDING FOUR LIMITED_PSS-1 | B54: ADANI RENEWABLE ENERGY HOLDING FOUR | C54: ADANI GREEN ENERGY (ALL SPVs) | D54: yes | E54: sold | F54: 2024-12 | G54: 2026-03 | H54: 16 | I54: 1601.6
A55: AD HYDRO | B55: AD HYDRO POWER | C55: AD HYDRO POWER | D55: yes | E55: sold | F55: 2020-01 | G55: 2024-07 | H55: 55 | I55: 1569.45
A56: KSK MAHANADI POWER COMPANY LIMITED | B56: KSK MAHANADI | C56: JSW ENERGY (INCL. KSK MAHANADI) | D56: yes | E56: sold | F56: 2025-01 | G56: 2026-03 | H56: 15 | I56: 1504.79
A57: NTPC STATIONS-SR | B57: NTPC STATIONS | C57: NTPC GROUP | D57: yes | E57: sold | F57: 2020-01 | G57: 2024-07 | H57: 48 | I57: 1501.79
A58: JINDAL STEEL & POWER LTD, DCPP | B58: JSPL - DCPP | C58: JSPL | D58: yes | E58: sold | F58: 2024-08 | G58: 2026-03 | H58: 20 | I58: 1458.81
A59: NEEPCO STATIONS | B59: NEEPCO STATIONS | C59: NEEPCO STATIONS | E59: sold | F59: 2020-06 | G59: 2024-07 | H59: 42 | I59: 1440.13
A60: SAINJ HEP | B60: SAINJ HEP | C60: SAINJ HEP | E60: sold | F60: 2020-01 | G60: 2026-03 | H60: 69 | I60: 1384.2
A61: MARUTI COAL | B61: MARUTI CLEAN COAL & POWER | C61: MARUTI CLEAN COAL & POWER | D61: yes | E61: sold | F61: 2020-01 | G61: 2024-07 | H61: 52 | I61: 1377.86
A62: DCPP | B62: JSPL - DCPP | C62: JSPL | D62: yes | E62: sold | F62: 2022-12 | G62: 2024-07 | H62: 20 | I62: 1373.89
A63: JAMMU KASHMIR | B63: JAMMU & KASHMIR | C63: JAMMU & KASHMIR | D63: yes | E63: purchased/sold | F63: 2024-08 | G63: 2026-03 | H63: 34 | I63: 1334.52
A64: RAIGARH_ADANI | B64: ADANI POWER - RAIGARH TPP (EX-REGL) | C64: ADANI POWER (ALL PLANTS) | D64: yes | E64: sold | F64: 2023-11 | G64: 2024-07 | H64: 9 | I64: 1309.05
A65: DADRA & NAGAR HAVELI | B65: DNH & DD (UT) | C65: DNH & DD (UT) | D65: yes | E65: purchased/sold | F65: 2020-01 | G65: 2022-05 | H65: 51 | I65: 1297.49
A66: CHANDIGARH | B66: CHANDIGARH | C66: CHANDIGARH | E66: purchased/sold | F66: 2020-01 | G66: 2024-12 | H66: 102 | I66: 1291.91
A67: DAMODAR VALLEY CORPORATION | B67: DVC | C67: DVC | D67: yes | E67: purchased/sold | F67: 2024-08 | G67: 2026-03 | H67: 39 | I67: 1265.89
A68: SKS POWER | B68: SKS POWER | C68: SKS POWER | E68: purchased/sold | F68: 2020-01 | G68: 2024-07 | H68: 46 | I68: 1250.19
A69: MAHAN ENERGEN LIMITED U#2 | B69: MAHAN ENERGEN (EX-ESSAR POWER MP) | C69: ADANI POWER (ALL PLANTS) | D69: yes | E69: sold | F69: 2024-08 | G69: 2025-05 | H69: 10 | I69: 1166.42
A70: DVC | B70: DVC | C70: DVC | E70: purchased/sold | F70: 2020-01 | G70: 2024-07 | H70: 77 | I70: 1161.79
A71: TEESTA HEP | B71: TEESTA URJA (TEESTA-III HEP) | C71: TEESTA URJA (TEESTA-III HEP) | D71: yes | E71: sold | F71: 2020-11 | G71: 2023-10 | H71: 16 | I71: 1152.72
A72: EMCO | B72: GMR WARORA (EX-EMCO) | C72: GMR ENERGY | D72: yes | E72: sold | F72: 2020-01 | G72: 2024-07 | H72: 46 | I72: 1116.93
A73: MAHAN ENERGEN LIMITED U#1 | B73: MAHAN ENERGEN (EX-ESSAR POWER MP) | C73: ADANI POWER (ALL PLANTS) | D73: yes | E73: purchased/sold | F73: 2024-08 | G73: 2025-05 | H73: 11 | I73: 991.36
A74: NTPC STATIONS-ER | B74: NTPC STATIONS | C74: NTPC GROUP | D74: yes | E74: sold | F74: 2020-01 | G74: 2024-07 | H74: 43 | I74: 952.85
A75: ADANI GREEN ENERGY TWENTY FIVE B LIMITED_PSS-2 | B75: ADANI GREEN ENERGY TWENTY FIVE B LIMITED_PSS-2 | C75: ADANI GREEN ENERGY (ALL SPVs) | E75: sold | F75: 2024-12 | G75: 2026-03 | H75: 16 | I75: 947.73
A76: DGEN MEGA POWER | B76: DGEN MEGA POWER | C76: DGEN MEGA POWER | E76: sold | F76: 2020-02 | G76: 2024-07 | H76: 20 | I76: 926.41
A77: D B POWER LIMITED | B77: DB POWER | C77: DB POWER | D77: yes | E77: purchased/sold | F77: 2024-08 | G77: 2026-03 | H77: 21 | I77: 907.6
A78: THERMAL POWERTECH | B78: SEIL ENERGY INDIA (EX-SEMBCORP) | C78: SEIL ENERGY INDIA | D78: yes | E78: sold | F78: 2020-01 | G78: 2022-09 | H78: 16 | I78: 906.85
A79: JHABUA POWER_MP | B79: JHABUA POWER | C79: JHABUA POWER | D79: yes | E79: purchased/sold | F79: 2020-01 | G79: 2024-07 | H79: 56 | I79: 904.64
A80: MAHAN ENERGEN LIMITED U2 | B80: MAHAN ENERGEN (EX-ESSAR POWER MP) | C80: ADANI POWER (ALL PLANTS) | D80: yes | E80: purchased/sold | F80: 2025-06 | G80: 2026-03 | H80: 11 | I80: 847.86
A81: ADANI GREEN ENERGY TWENTY FOUR LIMITED | B81: ADANI GREEN ENERGY TWENTY FOUR LIMITED | C81: ADANI GREEN ENERGY (ALL SPVs) | E81: sold | F81: 2025-01 | G81: 2026-03 | H81: 15 | I81: 822.21
A82: SEIL ENERGY INDIA LIMITED | B82: SEIL ENERGY INDIA (EX-SEMBCORP) | C82: SEIL ENERGY INDIA | D82: yes | E82: sold | F82: 2024-08 | G82: 2025-12 | H82: 17 | I82: 802.44
A83: SIKKIM | B83: SIKKIM | C83: SIKKIM | E83: purchased/sold | F83: 2020-01 | G83: 2026-03 | H83: 88 | I83: 800.69
A84: JINDAL INDIA POWER LIMITED | B84: JINDAL INDIA THERMAL POWER (JITPL) | C84: JINDAL INDIA THERMAL POWER (JITPL) | D84: yes | E84: sold | F84: 2024-11 | G84: 2026-03 | H84: 16 | I84: 797.18
A85: ARCELORMITTAL NIPPON STEEL INDIA LIMITED | B85: AM/NS INDIA (HAZIRA) | C85: AM/NS INDIA (HAZIRA) | D85: yes | E85: purchased | F85: 2024-08 | G85: 2026-03 | H85: 12 | I85: 791.83
A86: GMR CHATTISGARH | B86: ADANI POWER - RAIPUR TPP (EX-GMR CHHATTISGARH) | C86: ADANI POWER (ALL PLANTS) | D86: yes | E86: sold | F86: 2020-01 | G86: 2020-03 | H86: 3 | I86: 789.95
A87: ARUNACHAL PRADESH | B87: ARUNACHAL PRADESH | C87: ARUNACHAL PRADESH | E87: purchased/sold | F87: 2020-01 | G87: 2026-03 | H87: 85 | I87: 769.58
A88: AD HYDRO POWER LIMITED | B88: AD HYDRO POWER | C88: AD HYDRO POWER | D88: yes | E88: sold | F88: 2024-08 | G88: 2026-03 | H88: 20 | I88: 760.78
A89: JINDAL INDIA THERMAL POWER LIMITED | B89: JINDAL INDIA THERMAL POWER (JITPL) | C89: JINDAL INDIA THERMAL POWER (JITPL) | D89: yes | E89: sold | F89: 2024-08 | G89: 2025-01 | H89: 4 | I89: 740.37
A90: GMR KAMALANGA | B90: GMR KAMALANGA | C90: GMR ENERGY | E90: sold | F90: 2020-01 | G90: 2024-07 | H90: 52 | I90: 737.95
A91: ADANI GREEN ENERGY TWENTY FIVE LIMITED | B91: ADANI GREEN ENERGY TWENTY FIVE LIMITED | C91: ADANI GREEN ENERGY (ALL SPVs) | E91: sold | F91: 2024-12 | G91: 2026-03 | H91: 16 | I91: 737.43
A92: ADANI GREEN ENERGY TWENTY FIVE A LIMITED_PSS-2 | B92: ADANI GREEN ENERGY TWENTY FIVE A LIMITED_PSS-2 | C92: ADANI GREEN ENERGY (ALL SPVs) | E92: sold | F92: 2024-12 | G92: 2026-03 | H92: 16 | I92: 728.19
A93: SPECTRUM | B93: SPECTRUM | C93: SPECTRUM | E93: sold | F93: 2020-01 | G93: 2021-07 | H93: 19 | I93: 726.63
A94: MAHAN ENERGEN LIMITED U1 | B94: MAHAN ENERGEN (EX-ESSAR POWER MP) | C94: ADANI POWER (ALL PLANTS) | D94: yes | E94: purchased/sold | F94: 2025-06 | G94: 2026-03 | H94: 11 | I94: 719.88
A95: JORETHANG | B95: JORETHANG | C95: JORETHANG | E95: sold | F95: 2020-01 | G95: 2023-11 | H95: 35 | I95: 719.15
A96: DIKCHU HEP | B96: DIKCHU HEP | C96: DIKCHU HEP | E96: sold | F96: 2020-01 | G96: 2023-10 | H96: 44 | I96: 714.01
A97: MB POWER (MADHYA PRADESH) LIMITED | B97: MB POWER (MP) | C97: MB POWER (MP) | D97: yes | E97: purchased/sold | F97: 2024-08 | G97: 2026-03 | H97: 32 | I97: 705.02
A98: MIZORAM | B98: MIZORAM | C98: MIZORAM | E98: purchased/sold | F98: 2020-01 | G98: 2026-03 | H98: 75 | I98: 700.48
A99: TASHIDENG HEP | B99: TASHIDENG HEP | C99: TASHIDENG HEP | E99: sold | F99: 2020-01 | G99: 2023-11 | H99: 34 | I99: 695.19
A100: COASTGEN | B100: COASTAL ENERGEN | C100: COASTAL ENERGEN | D100: yes | E100: sold | F100: 2020-10 | G100: 2024-07 | H100: 19 | I100: 695.19
A101: CHANDIGARH (UT) | B101: CHANDIGARH | C101: CHANDIGARH | D101: yes | E101: purchased/sold | F101: 2024-08 | G101: 2026-03 | H101: 39 | I101: 690.94
A102: TRIPURA | B102: TRIPURA | C102: TRIPURA | E102: purchased/sold | F102: 2020-01 | G102: 2026-03 | H102: 99 | I102: 690.75
...

Sheet Monthly_Sold
A1: month | B1: CY | C1: FY | D1: entity (as printed) | E1: printed_name (normalised) | F1: Player | G1: Group | H1: volume_mu | I1: pct_of_table
A2: 2020-01 | B2: =VALUE(LEFT(A2,4)) -> 2020 | C2: ="FY"&IF(VALUE(MID(A2,6,2))>=4,VALUE(LEFT(A2,4)),VALUE(LEFT(A2,4))-1)&"-"&TEXT(MOD(IF(VALUE(MID(A2,6,2))>=4,VALUE(LEFT(A2,4)),VALUE(LEFT(A2,4))-1)+1,100),"00") -> FY2019-20 | D2: SEMBCORP | E2: SEMBCORP | F2: =INDEX(Mapping!$B$2:$B$465,MATCH(E2,Mapping!$A$2:$A$465,0)) -> SEIL ENERGY INDIA (EX-SEMBCORP) | G2: =INDEX(Mapping!$C$2:$C$465,MATCH(E2,Mapping!$A$2:$A$465,0)) -> SEIL ENERGY INDIA | H2: 527.61 | I2: 11.01
A3: 2020-01 | B3: =VALUE(LEFT(A3,4)) -> 2020 | C3: ="FY"&IF(VALUE(MID(A3,6,2))>=4,VALUE(LEFT(A3,4)),VALUE(LEFT(A3,4))-1)&"-"&TEXT(MOD(IF(VALUE(MID(A3,6,2))>=4,VALUE(LEFT(A3,4)),VALUE(LEFT(A3,4))-1)+1,100),"00") -> FY2019-20 | D3: MP | E3: MP | F3: =INDEX(Mapping!$B$2:$B$465,MATCH(E3,Mapping!$A$2:$A$465,0)) -> MADHYA PRADESH | G3: =INDEX(Mapping!$C$2:$C$465,MATCH(E3,Mapping!$A$2:$A$465,0)) -> MADHYA PRADESH | H3: 493.24 | I3: 10.29
A4: 2020-01 | B4: =VALUE(LEFT(A4,4)) -> 2020 | C4: ="FY"&IF(VALUE(MID(A4,6,2))>=4,VALUE(LEFT(A4,4)),VALUE(LEFT(A4,4))-1)&"-"&TEXT(MOD(IF(VALUE(MID(A4,6,2))>=4,VALUE(LEFT(A4,4)),VALUE(LEFT(A4,4))-1)+1,100),"00") -> FY2019-20 | D4: GUJARAT | E4: GUJARAT | F4: =INDEX(Mapping!$B$2:$B$465,MATCH(E4,Mapping!$A$2:$A$465,0)) -> GUJARAT | G4: =INDEX(Mapping!$C$2:$C$465,MATCH(E4,Mapping!$A$2:$A$465,0)) -> GUJARAT | H4: 426.61 | I4: 8.9
A5: 2020-01 | B5: =VALUE(LEFT(A5,4)) -> 2020 | C5: ="FY"&IF(VALUE(MID(A5,6,2))>=4,VALUE(LEFT(A5,4)),VALUE(LEFT(A5,4))-1)&"-"&TEXT(MOD(IF(VALUE(MID(A5,6,2))>=4,VALUE(LEFT(A5,4)),VALUE(LEFT(A5,4))-1)+1,100),"00") -> FY2019-20 | D5: GMR CHATTISGARH | E5: GMR CHATTISGARH | F5: =INDEX(Mapping!$B$2:$B$465,MATCH(E5,Mapping!$A$2:$A$465,0)) -> ADANI POWER - RAIPUR TPP (EX-GMR CHHATTISGARH) | G5: =INDEX(Mapping!$C$2:$C$465,MATCH(E5,Mapping!$A$2:$A$465,0)) -> ADANI POWER (ALL PLANTS) | H5: 374.35 | I5: 7.81
A6: 2020-01 | B6: =VALUE(LEFT(A6,4)) -> 2020 | C6: ="FY"&IF(VALUE(MID(A6,6,2))>=4,VALUE(LEFT(A6,4)),VALUE(LEFT(A6,4))-1)&"-"&TEXT(MOD(IF(VALUE(MID(A6,6,2))>=4,VALUE(LEFT(A6,4)),VALUE(LEFT(A6,4))-1)+1,100),"00") -> FY2019-20 | D6: ODISHA | E6: ODISHA | F6: =INDEX(Mapping!$B$2:$B$465,MATCH(E6,Mapping!$A$2:$A$465,0)) -> ODISHA | G6: =INDEX(Mapping!$C$2:$C$465,MATCH(E6,Mapping!$A$2:$A$465,0)) -> ODISHA | H6: 219.9 | I6: 4.59
A7: 2020-01 | B7: =VALUE(LEFT(A7,4)) -> 2020 | C7: ="FY"&IF(VALUE(MID(A7,6,2))>=4,VALUE(LEFT(A7,4)),VALUE(LEFT(A7,4))-1)&"-"&TEXT(MOD(IF(VALUE(MID(A7,6,2))>=4,VALUE(LEFT(A7,4)),VALUE(LEFT(A7,4))-1)+1,100),"00") -> FY2019-20 | D7: MB POWER | E7: MB POWER | F7: =INDEX(Mapping!$B$2:$B$465,MATCH(E7,Mapping!$A$2:$A$465,0)) -> MB POWER (MP) | G7: =INDEX(Mapping!$C$2:$C$465,MATCH(E7,Mapping!$A$2:$A$465,0)) -> MB POWER (MP) | H7: 211.68 | I7: 4.42
A8: 2020-01 | B8: =VALUE(LEFT(A8,4)) -> 2020 | C8: ="FY"&IF(VALUE(MID(A8,6,2))>=4,VALUE(LEFT(A8,4)),VALUE(LEFT(A8,4))-1)&"-"&TEXT(MOD(IF(VALUE(MID(A8,6,2))>=4,VALUE(LEFT(A8,4)),VALUE(LEFT(A8,4))-1)+1,100),"00") -> FY2019-20 | D8: RAJASTHAN | E8: RAJASTHAN | F8: =INDEX(Mapping!$B$2:$B$465,MATCH(E8,Mapping!$A$2:$A$465,0)) -> RAJASTHAN | G8: =INDEX(Mapping!$C$2:$C$465,MATCH(E8,Mapping!$A$2:$A$465,0)) -> RAJASTHAN | H8: 200.41 | I8: 4.18
A9: 2020-01 | B9: =VALUE(LEFT(A9,4)) -> 2020 | C9: ="FY"&IF(VALUE(MID(A9,6,2))>=4,VALUE(LEFT(A9,4)),VALUE(LEFT(A9,4))-1)&"-"&TEXT(MOD(IF(VALUE(MID(A9,6,2))>=4,VALUE(LEFT(A9,4)),VALUE(LEFT(A9,4))-1)+1,100),"00") -> FY2019-20 | D9: JAYPEE NIGRIE | E9: JAYPEE NIGRIE | F9: =INDEX(Mapping!$B$2:$B$465,MATCH(E9,Mapping!$A$2:$A$465,0)) -> JAYPEE NIGRIE STPP | G9: =INDEX(Mapping!$C$2:$C$465,MATCH(E9,Mapping!$A$2:$A$465,0)) -> JAYPEE NIGRIE STPP | H9: 171.66 | I9: 3.58
A10: 2020-01 | B10: =VALUE(LEFT(A10,4)) -> 2020 | C10: ="FY"&IF(VALUE(MID(A10,6,2))>=4,VALUE(LEFT(A10,4)),VALUE(LEFT(A10,4))-1)&"-"&TEXT(MOD(IF(VALUE(MID(A10,6,2))>=4,VALUE(LEFT(A10,4)),VALUE(LEFT(A10,4))-1)+1,100),"00") -> FY2019-20 | D10: UTTAR PRADESH | E10: UTTAR PRADESH | F10: =INDEX(Mapping!$B$2:$B$465,MATCH(E10,Mapping!$A$2:$A$465,0)) -> UTTAR PRADESH | G10: =INDEX(Mapping!$C$2:$C$465,MATCH(E10,Mapping!$A$2:$A$465,0)) -> UTTAR PRADESH | H10: 162.55 | I10: 3.39
A11: 2020-01 | B11: =VALUE(LEFT(A11,4)) -> 2020 | C11: ="FY"&IF(VALUE(MID(A11,6,2))>=4,VALUE(LEFT(A11,4)),VALUE(LEFT(A11,4))-1)&"-"&TEXT(MOD(IF(VALUE(MID(A11,6,2))>=4,VALUE(LEFT(A11,4)),VALUE(LEFT(A11,4))-1)+1,100),"00") -> FY2019-20 | D11: JINDAL POWER | E11: JINDAL POWER | F11: =INDEX(Mapping!$B$2:$B$465,MATCH(E11,Mapping!$A$2:$A$465,0)) -> JINDAL POWER LTD - STAGE 1 | G11: =INDEX(Mapping!$C$2:$C$465,MATCH(E11,Mapping!$A$2:$A$465,0)) -> JINDAL POWER LTD (BOTH STAGES) | H11: 139.26 | I11: 2.91
A12: 2020-01 | B12: =VALUE(LEFT(A12,4)) -> 2020 | C12: ="FY"&IF(VALUE(MID(A12,6,2))>=4,VALUE(LEFT(A12,4)),VALUE(LEFT(A12,4))-1)&"-"&TEXT(MOD(IF(VALUE(MID(A12,6,2))>=4,VALUE(LEFT(A12,4)),VALUE(LEFT(A12,4))-1)+1,100),"00") -> FY2019-20 | D12: DB POWER | E12: DB POWER | F12: =INDEX(Mapping!$B$2:$B$465,MATCH(E12,Mapping!$A$2:$A$465,0)) -> DB POWER | G12: =INDEX(Mapping!$C$2:$C$465,MATCH(E12,Mapping!$A$2:$A$465,0)) -> DB POWER | H12: 138.1 | I12: 2.88
A13: 2020-01 | B13: =VALUE(LEFT(A13,4)) -> 2020 | C13: ="FY"&IF(VALUE(MID(A13,6,2))>=4,VALUE(LEFT(A13,4)),VALUE(LEFT(A13,4))-1)&"-"&TEXT(MOD(IF(VALUE(MID(A13,6,2))>=4,VALUE(LEFT(A13,4)),VALUE(LEFT(A13,4))-1)+1,100),"00") -> FY2019-20 | D13: ASSAM | E13: ASSAM | F13: =INDEX(Mapping!$B$2:$B$465,MATCH(E13,Mapping!$A$2:$A$465,0)) -> ASSAM | G13: =INDEX(Mapping!$C$2:$C$465,MATCH(E13,Mapping!$A$2:$A$465,0)) -> ASSAM | H13: 136.42 | I13: 2.85
... A7864: 2026-03 | B7864: =VALUE(LEFT(A7864,4)) -> 2026 | C7864: ="FY"&IF(VALUE(MID(A7864,6,2))>=4,VALUE(LEFT(A7864,4)),VALUE(LEFT(A7864,4))-1)&"-"&TEXT(MOD(IF(VALUE(MID(A7864,6,2))>=4,VALUE(LEFT(A7864,4)),VALUE(LEFT(A7864,4))-1)+1,100),"00") -> FY2025-26 | D7864: NLC INDIA LIMITED THERMAL POWER STATION I EXPANSION | E7864: NLC INDIA LIMITED THERMAL POWER STATION I EXPANSION | F7864: =INDEX(Mapping!$B$2:$B$465,MATCH(E7864,Mapping!$A$2:$A$465,0)) -> NLC INDIA | G7864: =INDEX(Mapping!$C$2:$C$465,MATCH(E7864,Mapping!$A$2:$A$465,0)) -> NLC INDIA GROUP | H7864: 0.004 | I7864: 0.0001

Sheet Monthly_Purchased
A1: month | B1: CY | C1: FY | D1: entity (as printed) | E1: printed_name (normalised) | F1: Player | G1: Group | H1: volume_mu | I1: pct_of_table
A2: 2020-01 | B2: =VALUE(LEFT(A2,4)) -> 2020 | C2: ="FY"&IF(VALUE(MID(A2,6,2))>=4,VALUE(LEFT(A2,4)),VALUE(LEFT(A2,4))-1)&"-"&TEXT(MOD(IF(VALUE(MID(A2,6,2))>=4,VALUE(LEFT(A2,4)),VALUE(LEFT(A2,4))-1)+1,100),"00") -> FY2019-20 | D2: TELANGANA | E2: TELANGANA | F2: =INDEX(Mapping!$B$2:$B$465,MATCH(E2,Mapping!$A$2:$A$465,0)) -> TELANGANA | G2: =INDEX(Mapping!$C$2:$C$465,MATCH(E2,Mapping!$A$2:$A$465,0)) -> TELANGANA | H2: 920.41 | I2: 19.21
A3: 2020-01 | B3: =VALUE(LEFT(A3,4)) -> 2020 | C3: ="FY"&IF(VALUE(MID(A3,6,2))>=4,VALUE(LEFT(A3,4)),VALUE(LEFT(A3,4))-1)&"-"&TEXT(MOD(IF(VALUE(MID(A3,6,2))>=4,VALUE(LEFT(A3,4)),VALUE(LEFT(A3,4))-1)+1,100),"00") -> FY2019-20 | D3: GUJARAT | E3: GUJARAT | F3: =INDEX(Mapping!$B$2:$B$465,MATCH(E3,Mapping!$A$2:$A$465,0)) -> GUJARAT | G3: =INDEX(Mapping!$C$2:$C$465,MATCH(E3,Mapping!$A$2:$A$465,0)) -> GUJARAT | H3: 525.95 | I3: 10.98
A4: 2020-01 | B4: =VALUE(LEFT(A4,4)) -> 2020 | C4: ="FY"&IF(VALUE(MID(A4,6,2))>=4,VALUE(LEFT(A4,4)),VALUE(LEFT(A4,4))-1)&"-"&TEXT(MOD(IF(VALUE(MID(A4,6,2))>=4,VALUE(LEFT(A4,4)),VALUE(LEFT(A4,4))-1)+1,100),"00") -> FY2019-20 | D4: MAHARASHTRA | E4: MAHARASHTRA | F4: =INDEX(Mapping!$B$2:$B$465,MATCH(E4,Mapping!$A$2:$A$465,0)) -> MAHARASHTRA | G4: =INDEX(Mapping!$C$2:$C$465,MATCH(E4,Mapping!$A$2:$A$465,0)) -> MAHARASHTRA | H4: 435.65 | I4: 9.09
A5: 2020-01 | B5: =VALUE(LEFT(A5,4)) -> 2020 | C5: ="FY"&IF(VALUE(MID(A5,6,2))>=4,VALUE(LEFT(A5,4)),VALUE(LEFT(A5,4))-1)&"-"&TEXT(MOD(IF(VALUE(MID(A5,6,2))>=4,VALUE(LEFT(A5,4)),VALUE(LEFT(A5,4))-1)+1,100),"00") -> FY2019-20 | D5: TAMIL NADU | E5: TAMIL NADU | F5: =INDEX(Mapping!$B$2:$B$465,MATCH(E5,Mapping!$A$2:$A$465,0)) -> TAMIL NADU | G5: =INDEX(Mapping!$C$2:$C$465,MATCH(E5,Mapping!$A$2:$A$465,0)) -> TAMIL NADU | H5: 382.14 | I5: 7.97
A6: 2020-01 | B6: =VALUE(LEFT(A6,4)) -> 2020 | C6: ="FY"&IF(VALUE(MID(A6,6,2))>=4,VALUE(LEFT(A6,4)),VALUE(LEFT(A6,4))-1)&"-"&TEXT(MOD(IF(VALUE(MID(A6,6,2))>=4,VALUE(LEFT(A6,4)),VALUE(LEFT(A6,4))-1)+1,100),"00") -> FY2019-20 | D6: J & K | E6: J & K | F6: =INDEX(Mapping!$B$2:$B$465,MATCH(E6,Mapping!$A$2:$A$465,0)) -> JAMMU & KASHMIR | G6: =INDEX(Mapping!$C$2:$C$465,MATCH(E6,Mapping!$A$2:$A$465,0)) -> JAMMU & KASHMIR | H6: 349.19 | I6: 7.29
A7: 2020-01 | B7: =VALUE(LEFT(A7,4)) -> 2020 | C7: ="FY"&IF(VALUE(MID(A7,6,2))>=4,VALUE(LEFT(A7,4)),VALUE(LEFT(A7,4))-1)&"-"&TEXT(MOD(IF(VALUE(MID(A7,6,2))>=4,VALUE(LEFT(A7,4)),VALUE(LEFT(A7,4))-1)+1,100),"00") -> FY2019-20 | D7: DELHI | E7: DELHI | F7: =INDEX(Mapping!$B$2:$B$465,MATCH(E7,Mapping!$A$2:$A$465,0)) -> DELHI | G7: =INDEX(Mapping!$C$2:$C$465,MATCH(E7,Mapping!$A$2:$A$465,0)) -> DELHI | H7: 311.38 | I7: 6.5
A8: 2020-01 | B8: =VALUE(LEFT(A8,4)) -> 2020 | C8: ="FY"&IF(VALUE(MID(A8,6,2))>=4,VALUE(LEFT(A8,4)),VALUE(LEFT(A8,4))-1)&"-"&TEXT(MOD(IF(VALUE(MID(A8,6,2))>=4,VALUE(LEFT(A8,4)),VALUE(LEFT(A8,4))-1)+1,100),"00") -> FY2019-20 | D8: RAJASTHAN | E8: RAJASTHAN | F8: =INDEX(Mapping!$B$2:$B$465,MATCH(E8,Mapping!$A$2:$A$465,0)) -> RAJASTHAN | G8: =INDEX(Mapping!$C$2:$C$465,MATCH(E8,Mapping!$A$2:$A$465,0)) -> RAJASTHAN | H8: 303.42 | I8: 6.33
A9: 2020-01 | B9: =VALUE(LEFT(A9,4)) -> 2020 | C9: ="FY"&IF(VALUE(MID(A9,6,2))>=4,VALUE(LEFT(A9,4)),VALUE(LEFT(A9,4))-1)&"-"&TEXT(MOD(IF(VALUE(MID(A9,6,2))>=4,VALUE(LEFT(A9,4)),VALUE(LEFT(A9,4))-1)+1,100),"00") -> FY2019-20 | D9: BIHAR | E9: BIHAR | F9: =INDEX(Mapping!$B$2:$B$465,MATCH(E9,Mapping!$A$2:$A$465,0)) -> BIHAR | G9: =INDEX(Mapping!$C$2:$C$465,MATCH(E9,Mapping!$A$2:$A$465,0)) -> BIHAR | H9: 206.79 | I9: 4.32
A10: 2020-01 | B10: =VALUE(LEFT(A10,4)) -> 2020 | C10: ="FY"&IF(VALUE(MID(A10,6,2))>=4,VALUE(LEFT(A10,4)),VALUE(LEFT(A10,4))-1)&"-"&TEXT(MOD(IF(VALUE(MID(A10,6,2))>=4,VALUE(LEFT(A10,4)),VALUE(LEFT(A10,4))-1)+1,100),"00") -> FY2019-20 | D10: PUNJAB | E10: PUNJAB | F10: =INDEX(Mapping!$B$2:$B$465,MATCH(E10,Mapping!$A$2:$A$465,0)) -> PUNJAB | G10: =INDEX(Mapping!$C$2:$C$465,MATCH(E10,Mapping!$A$2:$A$465,0)) -> PUNJAB | H10: 152.99 | I10: 3.19
A11: 2020-01 | B11: =VALUE(LEFT(A11,4)) -> 2020 | C11: ="FY"&IF(VALUE(MID(A11,6,2))>=4,VALUE(LEFT(A11,4)),VALUE(LEFT(A11,4))-1)&"-"&TEXT(MOD(IF(VALUE(MID(A11,6,2))>=4,VALUE(LEFT(A11,4)),VALUE(LEFT(A11,4))-1)+1,100),"00") -> FY2019-20 | D11: HARYANA | E11: HARYANA | F11: =INDEX(Mapping!$B$2:$B$465,MATCH(E11,Mapping!$A$2:$A$465,0)) -> HARYANA | G11: =INDEX(Mapping!$C$2:$C$465,MATCH(E11,Mapping!$A$2:$A$465,0)) -> HARYANA | H11: 139.41 | I11: 2.91
A12: 2020-01 | B12: =VALUE(LEFT(A12,4)) -> 2020 | C12: ="FY"&IF(VALUE(MID(A12,6,2))>=4,VALUE(LEFT(A12,4)),VALUE(LEFT(A12,4))-1)&"-"&TEXT(MOD(IF(VALUE(MID(A12,6,2))>=4,VALUE(LEFT(A12,4)),VALUE(LEFT(A12,4))-1)+1,100),"00") -> FY2019-20 | D12: CHHATTISGARH | E12: CHHATTISGARH | F12: =INDEX(Mapping!$B$2:$B$465,MATCH(E12,Mapping!$A$2:$A$465,0)) -> CHHATTISGARH | G12: =INDEX(Mapping!$C$2:$C$465,MATCH(E12,Mapping!$A$2:$A$465,0)) -> CHHATTISGARH | H12: 134.38 | I12: 2.8
A13: 2020-01 | B13: =VALUE(LEFT(A13,4)) -> 2020 | C13: ="FY"&IF(VALUE(MID(A13,6,2))>=4,VALUE(LEFT(A13,4)),VALUE(LEFT(A13,4))-1)&"-"&TEXT(MOD(IF(VALUE(MID(A13,6,2))>=4,VALUE(LEFT(A13,4)),VALUE(LEFT(A13,4))-1)+1,100),"00") -> FY2019-20 | D13: UTTAR PRADESH | E13: UTTAR PRADESH | F13: =INDEX(Mapping!$B$2:$B$465,MATCH(E13,Mapping!$A$2:$A$465,0)) -> UTTAR PRADESH | G13: =INDEX(Mapping!$C$2:$C$465,MATCH(E13,Mapping!$A$2:$A$465,0)) -> UTTAR PRADESH | H13: 133.27 | I13: 2.78
... A2607: 2026-03 | B2607: =VALUE(LEFT(A2607,4)) -> 2026 | C2607: ="FY"&IF(VALUE(MID(A2607,6,2))>=4,VALUE(LEFT(A2607,4)),VALUE(LEFT(A2607,4))-1)&"-"&TEXT(MOD(IF(VALUE(MID(A2607,6,2))>=4,VALUE(LEFT(A2607,4)),VALUE(LEFT(A2607,4))-1)+1,100),"00") -> FY2025-26 | D2607: Arunachal Pradesh | E2607: ARUNACHAL PRADESH | F2607: =INDEX(Mapping!$B$2:$B$465,MATCH(E2607,Mapping!$A$2:$A$465,0)) -> ARUNACHAL PRADESH | G2607: =INDEX(Mapping!$C$2:$C$465,MATCH(E2607,Mapping!$A$2:$A$465,0)) -> ARUNACHAL PRADESH | H2607: 0.02 | I2607: 0.0002

Sheet Annual_Sold_CY
A1: SOLD in DAM by player and CY (MU). Formulas: SUMIFS over Monthly_Sold. | H1: 2026-01 to 2026-03 only
A2: Player | B2: 2020 | C2: 2021 | D2: 2022 | E2: 2023 | F2: 2024 | G2: 2025 | H2: 2026 | I2: TOTAL | J2: Rank (TOTAL) | K2: Rank 2020 | L2: Rank 2021 | M2: Rank 2022 | N2: Rank 2023 | O2: Rank 2024 | P2: Rank 2025 | Q2: Rank 2026
A3: 2X600 VEDANTA LIMITED CHHATTISGARH POWER PLANT | B3: =ROUND(SUMIFS(Monthly_Sold!$H$2:$H$7864,Monthly_Sold!$F$2:$F$7864,$A3,Monthly_Sold!$B$2:$B$7864,B$2),4) -> 0 | C3: =ROUND(SUMIFS(Monthly_Sold!$H$2:$H$7864,Monthly_Sold!$F$2:$F$7864,$A3,Monthly_Sold!$B$2:$B$7864,C$2),4) -> 0 | D3: =ROUND(SUMIFS(Monthly_Sold!$H$2:$H$7864,Monthly_Sold!$F$2:$F$7864,$A3,Monthly_Sold!$B$2:$B$7864,D$2),4) -> 0 | E3: =ROUND(SUMIFS(Monthly_Sold!$H$2:$H$7864,Monthly_Sold!$F$2:$F$7864,$A3,Monthly_Sold!$B$2:$B$7864,E$2),4) -> 0 | F3: =ROUND(SUMIFS(Monthly_Sold!$H$2:$H$7864,Monthly_Sold!$F$2:$F$7864,$A3,Monthly_Sold!$B$2:$B$7864,F$2),4) -> 0 | G3: =ROUND(SUMIFS(Monthly_Sold!$H$2:$H$7864,Monthly_Sold!$F$2:$F$7864,$A3,Monthly_Sold!$B$2:$B$7864,G$2),4) -> 66.58 | H3: =ROUND(SUMIFS(Monthly_Sold!$H$2:$H$7864,Monthly_Sold!$F$2:$F$7864,$A3,Monthly_Sold!$B$2:$B$7864,H$2),4) -> 25.45 | I3: =ROUND(SUM(B3:H3),4) -> 92.03 | J3: =RANK(I3,$I$3:$I$304,0)+COUNTIF($I$3:I3,I3)-1 -> 121 | K3: =RANK(B3,$B$3:$B$304,0)+COUNTIF($B$3:B3,B3)-1 -> 82 | L3: =RANK(C3,$C$3:$C$304,0)+COUNTIF($C$3:C3,C3)-1 -> 98 | M3: =RANK(D3,$D$3:$D$304,0)+COUNTIF($D$3:D3,D3)-1 -> 102 | N3: =RANK(E3,$E$3:$E$304,0)+COUNTIF($E$3:E3,E3)-1 -> 98 | O3: =RANK(F3,$F$3:$F$304,0)+COUNTIF($F$3:F3,F3)-1 -> 184 | P3: =RANK(G3,$G$3:$G$304,0)+COUNTIF($G$3:G3,G3)-1 -> 86 | Q3: =RANK(H3,$H$3:$H$304,0)+COUNTIF($H$3:H3,H3)-1 -> 87
A4: ACB (INDIA) | B4: =ROUND(SUMIFS(Monthly_Sold!$H$2:$H$7864,Monthly_Sold!$F$2:$F$7864,$A4,Monthly_Sold!$B$2:$B$7864,B$2),4) -> 316.17 | C4: =ROUND(SUMIFS(Monthly_Sold!$H$2:$H$7864,Monthly_Sold!$F$2:$F$7864,$A4,Monthly_Sold!$B$2:$B$7864,C$2),4) -> 413.39 | D4: =ROUND(SUMIFS(Monthly_Sold!$H$2:$H$7864,Monthly_Sold!$F$2:$F$7864,$A4,Monthly_Sold!$B$2:$B$7864,D$2),4) -> 751.69 | E4: =ROUND(SUMIFS(Monthly_Sold!$H$2:$H$7864,Monthly_Sold!$F$2:$F$7864,$A4,Monthly_Sold!$B$2:$B$7864,E$2),4) -> 496.83 | F4: =ROUND(SUMIFS(Monthly_Sold!$H$2:$H$7864,Monthly_Sold!$F$2:$F$7864,$A4,Monthly_Sold!$B$2:$B$7864,F$2),4) -> 550.96 | G4: =ROUND(SUMIFS(Monthly_Sold!$H$2:$H$7864,Monthly_Sold!$F$2:$F$7864,$A4,Monthly_Sold!$B$2:$B$7864,G$2),4) -> 315.97 | H4: =ROUND(SUMIFS(Monthly_Sold!$H$2:$H$7864,Monthly_Sold!$F$2:$F$7864,$A4,Monthly_Sold!$B$2:$B$7864,H$2),4) -> 99.01 | I4: =ROUND(SUM(B4:H4),4) -> 2944.02 | J4: =RANK(I4,$I$3:$I$304,0)+COUNTIF($I$3:I4,I4)-1 -> 31 | K4: =RANK(B4,$B$3:$B$304,0)+COUNTIF($B$3:B4,B4)-1 -> 45 | L4: =RANK(C4,$C$3:$C$304,0)+COUNTIF($C$3:C4,C4)-1 -> 33 | M4: =RANK(D4,$D$3:$D$304,0)+COUNTIF($D$3:D4,D4)-1 -> 22 | N4: =RANK(E4,$E$3:$E$304,0)+COUNTIF($E$3:E4,E4)-1 -> 32 | O4: =RANK(F4,$F$3:$F$304,0)+COUNTIF($F$3:F4,F4)-1 -> 29 | P4: =RANK(G4,$G$3:$G$304,0)+COUNTIF($G$3:G4,G4)-1 -> 48 | Q4: =RANK(H4,$H$3:$H$304,0)+COUNTIF($H$3:H4,H4)-1 -> 48
A5: ACME SURYODAYA PRIVATE LIMITED_BESS | B5: =ROUND(SUMIFS(Monthly_Sold!$H$2:$H$7864,Monthly_Sold!$F$2:$F$7864,$A5,Monthly_Sold!$B$2:$B$7864,B$2),4) -> 0 | C5: =ROUND(SUMIFS(Monthly_Sold!$H$2:$H$7864,Monthly_Sold!$F$2:$F$7864,$A5,Monthly_Sold!$B$2:$B$7864,C$2),4) -> 0 | D5: =ROUND(SUMIFS(Monthly_Sold!$H$2:$H$7864,Monthly_Sold!$F$2:$F$7864,$A5,Monthly_Sold!$B$2:$B$7864,D$2),4) -> 0 | E5: =ROUND(SUMIFS(Monthly_Sold!$H$2:$H$7864,Monthly_Sold!$F$2:$F$7864,$A5,Monthly_Sold!$B$2:$B$7864,E$2),4) -> 0 | F5: =ROUND(SUMIFS(Monthly_Sold!$H$2:$H$7864,Monthly_Sold!$F$2:$F$7864,$A5,Monthly_Sold!$B$2:$B$7864,F$2),4) -> 0 | G5: =ROUND(SUMIFS(Monthly_Sold!$H$2:$H$7864,Monthly_Sold!$F$2:$F$7864,$A5,Monthly_Sold!$B$2:$B$7864,G$2),4) -> 0 | H5: =ROUND(SUMIFS(Monthly_Sold!$H$2:$H$7864,Monthly_Sold!$F$2:$F$7864,$A5,Monthly_Sold!$B$2:$B$7864,H$2),4) -> 0.11 | I5: =ROUND(SUM(B5:H5),4) -> 0.11 | J5: =RANK(I5,$I$3:$I$304,0)+COUNTIF($I$3:I5,I5)-1 -> 286 | K5: =RANK(B5,$B$3:$B$304,0)+COUNTIF($B$3:B5,B5)-1 -> 83 | L5: =RANK(C5,$C$3:$C$304,0)+COUNTIF($C$3:C5,C5)-1 -> 99 | M5: =RANK(D5,$D$3:$D$304,0)+COUNTIF($D$3:D5,D5)-1 -> 103 | N5: =RANK(E5,$E$3:$E$304,0)+COUNTIF($E$3:E5,E5)-1 -> 99 | O5: =RANK(F5,$F$3:$F$304,0)+COUNTIF($F$3:F5,F5)-1 -> 185 | P5: =RANK(G5,$G$3:$G$304,0)+COUNTIF($G$3:G5,G5)-1 -> 180 | Q5: =RANK(H5,$H$3:$H$304,0)+COUNTIF($H$3:H5,H5)-1 -> 158
A6: AD HYDRO POWER | B6: =ROUND(SUMIFS(Monthly_Sold!$H$2:$H$7864,Monthly_Sold!$F$2:$F$7864,$A6,Monthly_Sold!$B$2:$B$7864,B$2),4) -> 462.43 | C6: =ROUND(SUMIFS(Monthly_Sold!$H$2:$H$7864,Monthly_Sold!$F$2:$F$7864,$A6,Monthly_Sold!$B$2:$B$7864,C$2),4) -> 315.93 | D6: =ROUND(SUMIFS(Monthly_Sold!$H$2:$H$7864,Monthly_Sold!$F$2:$F$7864,$A6,Monthly_Sold!$B$2:$B$7864,D$2),4) -> 213.26 | E6: =ROUND(SUMIFS(Monthly_Sold!$H$2:$H$7864,Monthly_Sold!$F$2:$F$7864,$A6,Monthly_Sold!$B$2:$B$7864,E$2),4) -> 261.13 | F6: =ROUND(SUMIFS(Monthly_Sold!$H$2:$H$7864,Monthly_Sold!$F$2:$F$7864,$A6,Monthly_Sold!$B$2:$B$7864,F$2),4) -> 510.49 | G6: =ROUND(SUMIFS(Monthly_Sold!$H$2:$H$7864,Monthly_Sold!$F$2:$F$7864,$A6,Monthly_Sold!$B$2:$B$7864,G$2),4) -> 527.17 | H6: =ROUND(SUMIFS(Monthly_Sold!$H$2:$H$7864,Monthly_Sold!$F$2:$F$7864,$A6,Monthly_Sold!$B$2:$B$7864,H$2),4) -> 39.82 | I6: =ROUND(SUM(B6:H6),4) -> 2330.23 | J6: =RANK(I6,$I$3:$I$304,0)+COUNTIF($I$3:I6,I6)-1 -> 36 | K6: =RANK(B6,$B$3:$B$304,0)+COUNTIF($B$3:B6,B6)-1 -> 29 | L6: =RANK(C6,$C$3:$C$304,0)+COUNTIF($C$3:C6,C6)-1 -> 39 | M6: =RANK(D6,$D$3:$D$304,0)+COUNTIF($D$3:D6,D6)-1 -> 39 | N6: =RANK(E6,$E$3:$E$304,0)+COUNTIF($E$3:E6,E6)-1 -> 38 | O6: =RANK(F6,$F$3:$F$304,0)+COUNTIF($F$3:F6,F6)-1 -> 31 | P6: =RANK(G6,$G$3:$G$304,0)+COUNTIF($G$3:G6,G6)-1 -> 34 | Q6: =RANK(H6,$H$3:$H$304,0)+COUNTIF($H$3:H6,H6)-1 -> 66
A7: ADANI GREEN | B7: =ROUND(SUMIFS(Monthly_Sold!$H$2:$H$7864,Monthly_Sold!$F$2:$F$7864,$A7,Monthly_Sold!$B$2:$B$7864,B$2),4) -> 28.52 | C7: =ROUND(SUMIFS(Monthly_Sold!$H$2:$H$7864,Monthly_Sold!$F$2:$F$7864,$A7,Monthly_Sold!$B$2:$B$7864,C$2),4) -> 2.82 | D7: =ROUND(SUMIFS(Monthly_Sold!$H$2:$H$7864,Monthly_Sold!$F$2:$F$7864,$A7,Monthly_Sold!$B$2:$B$7864,D$2),4) -> 23.11 | E7: =ROUND(SUMIFS(Monthly_Sold!$H$2:$H$7864,Monthly_Sold!$F$2:$F$7864,$A7,Monthly_Sold!$B$2:$B$7864,E$2),4) -> 0 | F7: =ROUND(SUMIFS(Monthly_Sold!$H$2:$H$7864,Monthly_Sold!$F$2:$F$7864,$A7,Monthly_Sold!$B$2:$B$7864,F$2),4) -> 0 | G7: =ROUND(SUMIFS(Monthly_Sold!$H$2:$H$7864,Monthly_Sold!$F$2:$F$7864,$A7,Monthly_Sold!$B$2:$B$7864,G$2),4) -> 0 | H7: =ROUND(SUMIFS(Monthly_Sold!$H$2:$H$7864,Monthly_Sold!$F$2:$F$7864,$A7,Monthly_Sold!$B$2:$B$7864,H$2),4) -> 0 | I7: =ROUND(SUM(B7:H7),4) -> 54.45 | J7: =RANK(I7,$I$3:$I$304,0)+COUNTIF($I$3:I7,I7)-1 -> 145 | K7: =RANK(B7,$B$3:$B$304,0)+COUNTIF($B$3:B7,B7)-1 -> 69 | L7: =RANK(C7,$C$3:$C$304,0)+COUNTIF($C$3:C7,C7)-1 -> 82 | M7: =RANK(D7,$D$3:$D$304,0)+COUNTIF($D$3:D7,D7)-1 -> 74 | N7: =RANK(E7,$E$3:$E$304,0)+COUNTIF($E$3:E7,E7)-1 -> 100 | O7: =RANK(F7,$F$3:$F$304,0)+COUNTIF($F$3:F7,F7)-1 -> 186 | P7: =RANK(G7,$G$3:$G$304,0)+COUNTIF($G$3:G7,G7)-1 -> 181 | Q7: =RANK(H7,$H$3:$H$304,0)+COUNTIF($H$3:H7,H7)-1 -> 164
A8: ADANI GREEN ENERGY TWENTY FIVE A LIMITED_INFIRM | B8: =ROUND(SUMIFS(Monthly_Sold!$H$2:$H$7864,Monthly_Sold!$F$2:$F$7864,$A8,Monthly_Sold!$B$2:$B$7864,B$2),4) -> 0 | C8: =ROUND(SUMIFS(Monthly_Sold!$H$2:$H$7864,Monthly_Sold!$F$2:$F$7864,$A8,Monthly_Sold!$B$2:$B$7864,C$2),4) -> 0 | D8: =ROUND(SUMIFS(Monthly_Sold!$H$2:$H$7864,Monthly_Sold!$F$2:$F$7864,$A8,Monthly_Sold!$B$2:$B$7864,D$2),4) -> 0 | E8: =ROUND(SUMIFS(Monthly_Sold!$H$2:$H$7864,Monthly_Sold!$F$2:$F$7864,$A8,Monthly_Sold!$B$2:$B$7864,E$2),4) -> 0 | F8: =ROUND(SUMIFS(Monthly_Sold!$H$2:$H$7864,Monthly_Sold!$F$2:$F$7864,$A8,Monthly_Sold!$B$2:$B$7864,F$2),4) -> 28.57 | G8: =ROUND(SUMIFS(Monthly_Sold!$H$2:$H$7864,Monthly_Sold!$F$2:$F$7864,$A8,Monthly_Sold!$B$2:$B$7864,G$2),4) -> 0 | H8: =ROUND(SUMIFS(Monthly_Sold!$H$2:$H$7864,Monthly_Sold!$F$2:$F$7864,$A8,Monthly_Sold!$B$2:$B$7864,H$2),4) -> 0 | I8: =ROUND(SUM(B8:H8),4) -> 28.57 | J8: =RANK(I8,$I$3:$I$304,0)+COUNTIF($I$3:I8,I8)-1 -> 172 | K8: =RANK(B8,$B$3:$B$304,0)+COUNTIF($B$3:B8,B8)-1 -> 84 | L8: =RANK(C8,$C$3:$C$304,0)+COUNTIF($C$3:C8,C8)-1 -> 100 | M8: =RANK(D8,$D$3:$D$304,0)+COUNTIF($D$3:D8,D8)-1 -> 104 | N8: =RANK(E8,$E$3:$E$304,0)+COUNTIF($E$3:E8,E8)-1 -> 101 | O8: =RANK(F8,$F$3:$F$304,0)+COUNTIF($F$3:F8,F8)-1 -> 102 | P8: =RANK(G8,$G$3:$G$304,0)+COUNTIF($G$3:G8,G8)-1 -> 182 | Q8: =RANK(H8,$H$3:$H$304,0)+COUNTIF($H$3:H8,H8)-1 -> 165
A9: ADANI GREEN ENERGY TWENTY FIVE A LIMITED_PSS-2 | B9: =ROUND(SUMIFS(Monthly_Sold!$H$2:$H$7864,Monthly_Sold!$F$2:$F$7864,$A9,Monthly_Sold!$B$2:$B$7864,B$2),4) -> 0 | C9: =ROUND(SUMIFS(Monthly_Sold!$H$2:$H$7864,Monthly_Sold!$F$2:$F$7864,$A9,Monthly_Sold!$B$2:$B$7864,C$2),4) -> 0 | D9: =ROUND(SUMIFS(Monthly_Sold!$H$2:$H$7864,Monthly_Sold!$F$2:$F$7864,$A9,Monthly_Sold!$B$2:$B$7864,D$2),4) -> 0 | E9: =ROUND(SUMIFS(Monthly_Sold!$H$2:$H$7864,Monthly_Sold!$F$2:$F$7864,$A9,Monthly_Sold!$B$2:$B$7864,E$2),4) -> 0 | F9: =ROUND(SUMIFS(Monthly_Sold!$H$2:$H$7864,Monthly_Sold!$F$2:$F$7864,$A9,Monthly_Sold!$B$2:$B$7864,F$2),4) -> 13.87 | G9: =ROUND(SUMIFS(Monthly_Sold!$H$2:$H$7864,Monthly_Sold!$F$2:$F$7864,$A9,Monthly_Sold!$B$2:$B$7864,G$2),4) -> 559.5 | H9: =ROUND(SUMIFS(Monthly_Sold!$H$2:$H$7864,Monthly_Sold!$F$2:$F$7864,$A9,Monthly_Sold!$B$2:$B$7864,H$2),4) -> 154.82 | I9: =ROUND(SUM(B9:H9),4) -> 728.19 | J9: =RANK(I9,$I$3:$I$304,0)+COUNTIF($I$3:I9,I9)-1 -> 63 | K9: =RANK(B9,$B$3:$B$304,0)+COUNTIF($B$3:B9,B9)-1 -> 85 | L9: =RANK(C9,$C$3:$C$304,0)+COUNTIF($C$3:C9,C9)-1 -> 101 | M9: =RANK(D9,$D$3:$D$304,0)+COUNTIF($D$3:D9,D9)-1 -> 105 | N9: =RANK(E9,$E$3:$E$304,0)+COUNTIF($E$3:E9,E9)-1 -> 102 | O9: =RANK(F9,$F$3:$F$304,0)+COUNTIF($F$3:F9,F9)-1 -> 123 | P9: =RANK(G9,$G$3:$G$304,0)+COUNTIF($G$3:G9,G9)-1 -> 32 | Q9: =RANK(H9,$H$3:$H$304,0)+COUNTIF($H$3:H9,H9)-1 -> 31
A10: ADANI GREEN ENERGY TWENTY FIVE B LIMITED(HYBRID SOLAR)_PSS9 | B10: =ROUND(SUMIFS(Monthly_Sold!$H$2:$H$7864,Monthly_Sold!$F$2:$F$7864,$A10,Monthly_Sold!$B$2:$B$7864,B$2),4) -> 0 | C10: =ROUND(SUMIFS(Monthly_Sold!$H$2:$H$7864,Monthly_Sold!$F$2:$F$7864,$A10,Monthly_Sold!$B$2:$B$7864,C$2),4) -> 0 | D10: =ROUND(SUMIFS(Monthly_Sold!$H$2:$H$7864,Monthly_Sold!$F$2:$F$7864,$A10,Monthly_Sold!$B$2:$B$7864,D$2),4) -> 0 | E10: =ROUND(SUMIFS(Monthly_Sold!$H$2:$H$7864,Monthly_Sold!$F$2:$F$7864,$A10,Monthly_Sold!$B$2:$B$7864,E$2),4) -> 0 | F10: =ROUND(SUMIFS(Monthly_Sold!$H$2:$H$7864,Monthly_Sold!$F$2:$F$7864,$A10,Monthly_Sold!$B$2:$B$7864,F$2),4) -> 0 | G10: =ROUND(SUMIFS(Monthly_Sold!$H$2:$H$7864,Monthly_Sold!$F$2:$F$7864,$A10,Monthly_Sold!$B$2:$B$7864,G$2),4) -> 29.17 | H10: =ROUND(SUMIFS(Monthly_Sold!$H$2:$H$7864,Monthly_Sold!$F$2:$F$7864,$A10,Monthly_Sold!$B$2:$B$7864,H$2),4) -> 28.76 | I10: =ROUND(SUM(B10:H10),4) -> 57.93 | J10: =RANK(I10,$I$3:$I$304,0)+COUNTIF($I$3:I10,I10)-1 -> 141 | K10: =RANK(B10,$B$3:$B$304,0)+COUNTIF($B$3:B10,B10)-1 -> 86 | L10: =RANK(C10,$C$3:$C$304,0)+COUNTIF($C$3:C10,C10)-1 -> 102 | M10: =RANK(D10,$D$3:$D$304,0)+COUNTIF($D$3:D10,D10)-1 -> 106 | N10: =RANK(E10,$E$3:$E$304,0)+COUNTIF($E$3:E10,E10)-1 -> 103 | O10: =RANK(F10,$F$3:$F$304,0)+COUNTIF($F$3:F10,F10)-1 -> 187 | P10: =RANK(G10,$G$3:$G$304,0)+COUNTIF($G$3:G10,G10)-1 -> 111 | Q10: =RANK(H10,$H$3:$H$304,0)+COUNTIF($H$3:H10,H10)-1 -> 84
A11: ADANI GREEN ENERGY TWENTY FIVE B LIMITED(WIND)_PSS9 | B11: =ROUND(SUMIFS(Monthly_Sold!$H$2:$H$7864,Monthly_Sold!$F$2:$F$7864,$A11,Monthly_Sold!$B$2:$B$7864,B$2),4) -> 0 | C11: =ROUND(SUMIFS(Monthly_Sold!$H$2:$H$7864,Monthly_Sold!$F$2:$F$7864,$A11,Monthly_Sold!$B$2:$B$7864,C$2),4) -> 0 | D11: =ROUND(SUMIFS(Monthly_Sold!$H$2:$H$7864,Monthly_Sold!$F$2:$F$7864,$A11,Monthly_Sold!$B$2:$B$7864,D$2),4) -> 0 | E11: =ROUND(SUMIFS(Monthly_Sold!$H$2:$H$7864,Monthly_Sold!$F$2:$F$7864,$A11,Monthly_Sold!$B$2:$B$7864,E$2),4) -> 0 | F11: =ROUND(SUMIFS(Monthly_Sold!$H$2:$H$7864,Monthly_Sold!$F$2:$F$7864,$A11,Monthly_Sold!$B$2:$B$7864,F$2),4) -> 0 | G11: =ROUND(SUMIFS(Monthly_Sold!$H$2:$H$7864,Monthly_Sold!$F$2:$F$7864,$A11,Monthly_Sold!$B$2:$B$7864,G$2),4) -> 35.61 | H11: =ROUND(SUMIFS(Monthly_Sold!$H$2:$H$7864,Monthly_Sold!$F$2:$F$7864,$A11,Monthly_Sold!$B$2:$B$7864,H$2),4) -> 18.57 | I11: =ROUND(SUM(B11:H11),4) -> 54.18 | J11: =RANK(I11,$I$3:$I$304,0)+COUNTIF($I$3:I11,I11)-1 -> 146 | K11: =RANK(B11,$B$3:$B$304,0)+COUNTIF($B$3:B11,B11)-1 -> 87 | L11: =RANK(C11,$C$3:$C$304,0)+COUNTIF($C$3:C11,C11)-1 -> 103 | M11: =RANK(D11,$D$3:$D$304,0)+COUNTIF($D$3:D11,D11)-1 -> 107 | N11: =RANK(E11,$E$3:$E$304,0)+COUNTIF($E$3:E11,E11)-1 -> 104 | O11: =RANK(F11,$F$3:$F$304,0)+COUNTIF($F$3:F11,F11)-1 -> 188 | P11: =RANK(G11,$G$3:$G$304,0)+COUNTIF($G$3:G11,G11)-1 -> 104 | Q11: =RANK(H11,$H$3:$H$304,0)+COUNTIF($H$3:H11,H11)-1 -> 94
A12: ADANI GREEN ENERGY TWENTY FIVE B LIMITED_INFIRM | B12: =ROUND(SUMIFS(Monthly_Sold!$H$2:$H$7864,Monthly_Sold!$F$2:$F$7864,$A12,Monthly_Sold!$B$2:$B$7864,B$2),4) -> 0 | C12: =ROUND(SUMIFS(Monthly_Sold!$H$2:$H$7864,Monthly_Sold!$F$2:$F$7864,$A12,Monthly_Sold!$B$2:$B$7864,C$2),4) -> 0 | D12: =ROUND(SUMIFS(Monthly_Sold!$H$2:$H$7864,Monthly_Sold!$F$2:$F$7864,$A12,Monthly_Sold!$B$2:$B$7864,D$2),4) -> 0 | E12: =ROUND(SUMIFS(Monthly_Sold!$H$2:$H$7864,Monthly_Sold!$F$2:$F$7864,$A12,Monthly_Sold!$B$2:$B$7864,E$2),4) -> 0 | F12: =ROUND(SUMIFS(Monthly_Sold!$H$2:$H$7864,Monthly_Sold!$F$2:$F$7864,$A12,Monthly_Sold!$B$2:$B$7864,F$2),4) -> 116.18 | G12: =ROUND(SUMIFS(Monthly_Sold!$H$2:$H$7864,Monthly_Sold!$F$2:$F$7864,$A12,Monthly_Sold!$B$2:$B$7864,G$2),4) -> 0 | H12: =ROUND(SUMIFS(Monthly_Sold!$H$2:$H$7864,Monthly_Sold!$F$2:$F$7864,$A12,Monthly_Sold!$B$2:$B$7864,H$2),4) -> 0 | I12: =ROUND(SUM(B12:H12),4) -> 116.18 | J12: =RANK(I12,$I$3:$I$304,0)+COUNTIF($I$3:I12,I12)-1 -> 114 | K12: =RANK(B12,$B$3:$B$304,0)+COUNTIF($B$3:B12,B12)-1 -> 88 | L12: =RANK(C12,$C$3:$C$304,0)+COUNTIF($C$3:C12,C12)-1 -> 104 | M12: =RANK(D12,$D$3:$D$304,0)+COUNTIF($D$3:D12,D12)-1 -> 108 | N12: =RANK(E12,$E$3:$E$304,0)+COUNTIF($E$3:E12,E12)-1 -> 105 | O12: =RANK(F12,$F$3:$F$304,0)+COUNTIF($F$3:F12,F12)-1 -> 61 | P12: =RANK(G12,$G$3:$G$304,0)+COUNTIF($G$3:G12,G12)-1 -> 183 | Q12: =RANK(H12,$H$3:$H$304,0)+COUNTIF($H$3:H12,H12)-1 -> 166
A13: ADANI GREEN ENERGY TWENTY FIVE B LIMITED_PSS-2 | B13: =ROUND(SUMIFS(Monthly_Sold!$H$2:$H$7864,Monthly_Sold!$F$2:$F$7864,$A13,Monthly_Sold!$B$2:$B$7864,B$2),4) -> 0 | C13: =ROUND(SUMIFS(Monthly_Sold!$H$2:$H$7864,Monthly_Sold!$F$2:$F$7864,$A13,Monthly_Sold!$B$2:$B$7864,C$2),4) -> 0 | D13: =ROUND(SUMIFS(Monthly_Sold!$H$2:$H$7864,Monthly_Sold!$F$2:$F$7864,$A13,Monthly_Sold!$B$2:$B$7864,D$2),4) -> 0 | E13: =ROUND(SUMIFS(Monthly_Sold!$H$2:$H$7864,Monthly_Sold!$F$2:$F$7864,$A13,Monthly_Sold!$B$2:$B$7864,E$2),4) -> 0 | F13: =ROUND(SUMIFS(Monthly_Sold!$H$2:$H$7864,Monthly_Sold!$F$2:$F$7864,$A13,Monthly_Sold!$B$2:$B$7864,F$2),4) -> 28.51 | G13: =ROUND(SUMIFS(Monthly_Sold!$H$2:$H$7864,Monthly_Sold!$F$2:$F$7864,$A13,Monthly_Sold!$B$2:$B$7864,G$2),4) -> 726.51 | H13: =ROUND(SUMIFS(Monthly_Sold!$H$2:$H$7864,Monthly_Sold!$F$2:$F$7864,$A13,Monthly_Sold!$B$2:$B$7864,H$2),4) -> 192.71 | I13: =ROUND(SUM(B13:H13),4) -> 947.73 | J13: =RANK(I13,$I$3:$I$304,0)+COUNTIF($I$3:I13,I13)-1 -> 55 | K13: =RANK(B13,$B$3:$B$304,0)+COUNTIF($B$3:B13,B13)-1 -> 89 | L13: =RANK(C13,$C$3:$C$304,0)+COUNTIF($C$3:C13,C13)-1 -> 105 | M13: =RANK(D13,$D$3:$D$304,0)+COUNTIF($D$3:D13,D13)-1 -> 109 | N13: =RANK(E13,$E$3:$E$304,0)+COUNTIF($E$3:E13,E13)-1 -> 106 | O13: =RANK(F13,$F$3:$F$304,0)+COUNTIF($F$3:F13,F13)-1 -> 103 | P13: =RANK(G13,$G$3:$G$304,0)+COUNTIF($G$3:G13,G13)-1 -> 24 | Q13: =RANK(H13,$H$3:$H$304,0)+COUNTIF($H$3:H13,H13)-1 -> 26
A14: ADANI GREEN ENERGY TWENTY FIVE C LIMITED_PSS11 | B14: =ROUND(SUMIFS(Monthly_Sold!$H$2:$H$7864,Monthly_Sold!$F$2:$F$7864,$A14,Monthly_Sold!$B$2:$B$7864,B$2),4) -> 0 | C14: =ROUND(SUMIFS(Monthly_Sold!$H$2:$H$7864,Monthly_Sold!$F$2:$F$7864,$A14,Monthly_Sold!$B$2:$B$7864,C$2),4) -> 0 | D14: =ROUND(SUMIFS(Monthly_Sold!$H$2:$H$7864,Monthly_Sold!$F$2:$F$7864,$A14,Monthly_Sold!$B$2:$B$7864,D$2),4) -> 0 | E14: =ROUND(SUMIFS(Monthly_Sold!$H$2:$H$7864,Monthly_Sold!$F$2:$F$7864,$A14,Monthly_Sold!$B$2:$B$7864,E$2),4) -> 0 | F14: =ROUND(SUMIFS(Monthly_Sold!$H$2:$H$7864,Monthly_Sold!$F$2:$F$7864,$A14,Monthly_Sold!$B$2:$B$7864,F$2),4) -> 0 | G14: =ROUND(SUMIFS(Monthly_Sold!$H$2:$H$7864,Monthly_Sold!$F$2:$F$7864,$A14,Monthly_Sold!$B$2:$B$7864,G$2),4) -> 0 | H14: =ROUND(SUMIFS(Monthly_Sold!$H$2:$H$7864,Monthly_Sold!$F$2:$F$7864,$A14,Monthly_Sold!$B$2:$B$7864,H$2),4) -> 11.48 | I14: =ROUND(SUM(B14:H14),4) -> 11.48 | J14: =RANK(I14,$I$3:$I$304,0)+COUNTIF($I$3:I14,I14)-1 -> 208 | K14: =RANK(B14,$B$3:$B$304,0)+COUNTIF($B$3:B14,B14)-1 -> 90 | L14: =RANK(C14,$C$3:$C$304,0)+COUNTIF($C$3:C14,C14)-1 -> 106 | M14: =RANK(D14,$D$3:$D$304,0)+COUNTIF($D$3:D14,D14)-1 -> 110 | N14: =RANK(E14,$E$3:$E$304,0)+COUNTIF($E$3:E14,E14)-1 -> 107 | O14: =RANK(F14,$F$3:$F$304,0)+COUNTIF($F$3:F14,F14)-1 -> 189 | P14: =RANK(G14,$G$3:$G$304,0)+COUNTIF($G$3:G14,G14)-1 -> 184 | Q14: =RANK(H14,$H$3:$H$304,0)+COUNTIF($H$3:H14,H14)-1 -> 103
... A304: ZENATARIS RENEWABLE ENERGY PRIVATE LIMITED | B304: =ROUND(SUMIFS(Monthly_Sold!$H$2:$H$7864,Monthly_Sold!$F$2:$F$7864,$A304,Monthly_Sold!$B$2:$B$7864,B$2),4) -> 0 | C304: =ROUND(SUMIFS(Monthly_Sold!$H$2:$H$7864,Monthly_Sold!$F$2:$F$7864,$A304,Monthly_Sold!$B$2:$B$7864,C$2),4) -> 0 | D304: =ROUND(SUMIFS(Monthly_Sold!$H$2:$H$7864,Monthly_Sold!$F$2:$F$7864,$A304,Monthly_Sold!$B$2:$B$7864,D$2),4) -> 0 | E304: =ROUND(SUMIFS(Monthly_Sold!$H$2:$H$7864,Monthly_Sold!$F$2:$F$7864,$A304,Monthly_Sold!$B$2:$B$7864,E$2),4) -> 0 | F304: =ROUND(SUMIFS(Monthly_Sold!$H$2:$H$7864,Monthly_Sold!$F$2:$F$7864,$A304,Monthly_Sold!$B$2:$B$7864,F$2),4) -> 0 | G304: =ROUND(SUMIFS(Monthly_Sold!$H$2:$H$7864,Monthly_Sold!$F$2:$F$7864,$A304,Monthly_Sold!$B$2:$B$7864,G$2),4) -> 0.02 | H304: =ROUND(SUMIFS(Monthly_Sold!$H$2:$H$7864,Monthly_Sold!$F$2:$F$7864,$A304,Monthly_Sold!$B$2:$B$7864,H$2),4) -> 0 | I304: =ROUND(SUM(B304:H304),4) -> 0.02 | J304: =RANK(I304,$I$3:$I$304,0)+COUNTIF($I$3:I304,I304)-1 -> 300 | K304: =RANK(B304,$B$3:$B$304,0)+COUNTIF($B$3:B304,B304)-1 -> 302 | L304: =RANK(C304,$C$3:$C$304,0)+COUNTIF($C$3:C304,C304)-1 -> 302 | M304: =RANK(D304,$D$3:$D$304,0)+COUNTIF($D$3:D304,D304)-1 -> 302 | N304: =RANK(E304,$E$3:$E$304,0)+COUNTIF($E$3:E304,E304)-1 -> 302 | O304: =RANK(F304,$F$3:$F$304,0)+COUNTIF($F$3:F304,F304)-1 -> 302 | P304: =RANK(G304,$G$3:$G$304,0)+COUNTIF($G$3:G304,G304)-1 -> 177 | Q304: =RANK(H304,$H$3:$H$304,0)+COUNTIF($H$3:H304,H304)-1 -> 302
A305: TOTAL | B305: =SUM(B3:B304) -> 56426.36 | C305: =SUM(C3:C304) -> 65677.324 | D305: =SUM(D3:D304) -> 53792.735 | E305: =SUM(E3:E304) -> 52878.601 | F305: =SUM(F3:F304) -> 59306.487 | G305: =SUM(G3:G304) -> 60454.5 | H305: =SUM(H3:H304) -> 19585.018 | I305: =SUM(I3:I304) -> 368121.03
A306: Check vs Monthly (should be OK) | B306: =IF(ABS(B305-SUMIFS(Monthly_Sold!$H$2:$H$7864,Monthly_Sold!$B$2:$B$7864,B$2))<0.01,"OK","MISMATCH") -> OK | C306: =IF(ABS(C305-SUMIFS(Monthly_Sold!$H$2:$H$7864,Monthly_Sold!$B$2:$B$7864,C$2))<0.01,"OK","MISMATCH") -> OK | D306: =IF(ABS(D305-SUMIFS(Monthly_Sold!$H$2:$H$7864,Monthly_Sold!$B$2:$B$7864,D$2))<0.01,"OK","MISMATCH") -> OK | E306: =IF(ABS(E305-SUMIFS(Monthly_Sold!$H$2:$H$7864,Monthly_Sold!$B$2:$B$7864,E$2))<0.01,"OK","MISMATCH") -> OK | F306: =IF(ABS(F305-SUMIFS(Monthly_Sold!$H$2:$H$7864,Monthly_Sold!$B$2:$B$7864,F$2))<0.01,"OK","MISMATCH") -> OK | G306: =IF(ABS(G305-SUMIFS(Monthly_Sold!$H$2:$H$7864,Monthly_Sold!$B$2:$B$7864,G$2))<0.01,"OK","MISMATCH") -> OK | H306: =IF(ABS(H305-SUMIFS(Monthly_Sold!$H$2:$H$7864,Monthly_Sold!$B$2:$B$7864,H$2))<0.01,"OK","MISMATCH") -> OK | I306: =IF(ABS(I305-SUM(Monthly_Sold!$H$2:$H$7864))<0.01,"OK","MISMATCH") -> OK

Sheet Top15_Sold_CY
A1: SOLD in DAM - top 15 players by TOTAL volume over the whole period (MU), from Annual_Sold_CY | I1: 2026-01 to 2026-03 only
A2: Rank | B2: Player | C2: 2020 | D2: 2021 | E2: 2022 | F2: 2023 | G2: 2024 | H2: 2025 | I2: 2026 | J2: TOTAL
A3: 1 | B3: =INDEX(Annual_Sold_CY!$A$3:$A$304,MATCH(A3,Annual_Sold_CY!$J$3:$J$304,0)) -> UTTAR PRADESH | C3: =INDEX(Annual_Sold_CY!$B$3:$B$304,MATCH($B3,Annual_Sold_CY!$A$3:$A$304,0)) -> 2809.73 | D3: =INDEX(Annual_Sold_CY!$C$3:$C$304,MATCH($B3,Annual_Sold_CY!$A$3:$A$304,0)) -> 6692.48 | E3: =INDEX(Annual_Sold_CY!$D$3:$D$304,MATCH($B3,Annual_Sold_CY!$A$3:$A$304,0)) -> 6753.72 | F3: =INDEX(Annual_Sold_CY!$E$3:$E$304,MATCH($B3,Annual_Sold_CY!$A$3:$A$304,0)) -> 7651.46 | G3: =INDEX(Annual_Sold_CY!$F$3:$F$304,MATCH($B3,Annual_Sold_CY!$A$3:$A$304,0)) -> 4638.41 | H3: =INDEX(Annual_Sold_CY!$G$3:$G$304,MATCH($B3,Annual_Sold_CY!$A$3:$A$304,0)) -> 4047.69 | I3: =INDEX(Annual_Sold_CY!$H$3:$H$304,MATCH($B3,Annual_Sold_CY!$A$3:$A$304,0)) -> 1436.57 | J3: =INDEX(Annual_Sold_CY!$I$3:$I$304,MATCH($B3,Annual_Sold_CY!$A$3:$A$304,0)) -> 34030.06
A4: 2 | B4: =INDEX(Annual_Sold_CY!$A$3:$A$304,MATCH(A4,Annual_Sold_CY!$J$3:$J$304,0)) -> ODISHA | C4: =INDEX(Annual_Sold_CY!$B$3:$B$304,MATCH($B4,Annual_Sold_CY!$A$3:$A$304,0)) -> 4477.1 | D4: =INDEX(Annual_Sold_CY!$C$3:$C$304,MATCH($B4,Annual_Sold_CY!$A$3:$A$304,0)) -> 3501.12 | E4: =INDEX(Annual_Sold_CY!$D$3:$D$304,MATCH($B4,Annual_Sold_CY!$A$3:$A$304,0)) -> 1131.36 | F4: =INDEX(Annual_Sold_CY!$E$3:$E$304,MATCH($B4,Annual_Sold_CY!$A$3:$A$304,0)) -> 1325.74 | G4: =INDEX(Annual_Sold_CY!$F$3:$F$304,MATCH($B4,Annual_Sold_CY!$A$3:$A$304,0)) -> 2647.4 | H4: =INDEX(Annual_Sold_CY!$G$3:$G$304,MATCH($B4,Annual_Sold_CY!$A$3:$A$304,0)) -> 2707.16 | I4: =INDEX(Annual_Sold_CY!$H$3:$H$304,MATCH($B4,Annual_Sold_CY!$A$3:$A$304,0)) -> 1139.12 | J4: =INDEX(Annual_Sold_CY!$I$3:$I$304,MATCH($B4,Annual_Sold_CY!$A$3:$A$304,0)) -> 16929
A5: 3 | B5: =INDEX(Annual_Sold_CY!$A$3:$A$304,MATCH(A5,Annual_Sold_CY!$J$3:$J$304,0)) -> CHHATTISGARH | C5: =INDEX(Annual_Sold_CY!$B$3:$B$304,MATCH($B5,Annual_Sold_CY!$A$3:$A$304,0)) -> 1629.91 | D5: =INDEX(Annual_Sold_CY!$C$3:$C$304,MATCH($B5,Annual_Sold_CY!$A$3:$A$304,0)) -> 1848.17 | E5: =INDEX(Annual_Sold_CY!$D$3:$D$304,MATCH($B5,Annual_Sold_CY!$A$3:$A$304,0)) -> 2432.45 | F5: =INDEX(Annual_Sold_CY!$E$3:$E$304,MATCH($B5,Annual_Sold_CY!$A$3:$A$304,0)) -> 3755.79 | G5: =INDEX(Annual_Sold_CY!$F$3:$F$304,MATCH($B5,Annual_Sold_CY!$A$3:$A$304,0)) -> 3387.22 | H5: =INDEX(Annual_Sold_CY!$G$3:$G$304,MATCH($B5,Annual_Sold_CY!$A$3:$A$304,0)) -> 1849.29 | I5: =INDEX(Annual_Sold_CY!$H$3:$H$304,MATCH($B5,Annual_Sold_CY!$A$3:$A$304,0)) -> 840.69 | J5: =INDEX(Annual_Sold_CY!$I$3:$I$304,MATCH($B5,Annual_Sold_CY!$A$3:$A$304,0)) -> 15743.52
A6: 4 | B6: =INDEX(Annual_Sold_CY!$A$3:$A$304,MATCH(A6,Annual_Sold_CY!$J$3:$J$304,0)) -> WEST BENGAL | C6: =INDEX(Annual_Sold_CY!$B$3:$B$304,MATCH($B6,Annual_Sold_CY!$A$3:$A$304,0)) -> 1081.86 | D6: =INDEX(Annual_Sold_CY!$C$3:$C$304,MATCH($B6,Annual_Sold_CY!$A$3:$A$304,0)) -> 5224.76 | E6: =INDEX(Annual_Sold_CY!$D$3:$D$304,MATCH($B6,Annual_Sold_CY!$A$3:$A$304,0)) -> 4569.6 | F6: =INDEX(Annual_Sold_CY!$E$3:$E$304,MATCH($B6,Annual_Sold_CY!$A$3:$A$304,0)) -> 1327 | G6: =INDEX(Annual_Sold_CY!$F$3:$F$304,MATCH($B6,Annual_Sold_CY!$A$3:$A$304,0)) -> 1174.53 | H6: =INDEX(Annual_Sold_CY!$G$3:$G$304,MATCH($B6,Annual_Sold_CY!$A$3:$A$304,0)) -> 785.04 | I6: =INDEX(Annual_Sold_CY!$H$3:$H$304,MATCH($B6,Annual_Sold_CY!$A$3:$A$304,0)) -> 348.43 | J6: =INDEX(Annual_Sold_CY!$I$3:$I$304,MATCH($B6,Annual_Sold_CY!$A$3:$A$304,0)) -> 14511.22
A7: 5 | B7: =INDEX(Annual_Sold_CY!$A$3:$A$304,MATCH(A7,Annual_Sold_CY!$J$3:$J$304,0)) -> BIHAR | C7: =INDEX(Annual_Sold_CY!$B$3:$B$304,MATCH($B7,Annual_Sold_CY!$A$3:$A$304,0)) -> 824.79 | D7: =INDEX(Annual_Sold_CY!$C$3:$C$304,MATCH($B7,Annual_Sold_CY!$A$3:$A$304,0)) -> 2442.46 | E7: =INDEX(Annual_Sold_CY!$D$3:$D$304,MATCH($B7,Annual_Sold_CY!$A$3:$A$304,0)) -> 3593.27 | F7: =INDEX(Annual_Sold_CY!$E$3:$E$304,MATCH($B7,Annual_Sold_CY!$A$3:$A$304,0)) -> 3871.34 | G7: =INDEX(Annual_Sold_CY!$F$3:$F$304,MATCH($B7,Annual_Sold_CY!$A$3:$A$304,0)) -> 1363.74 | H7: =INDEX(Annual_Sold_CY!$G$3:$G$304,MATCH($B7,Annual_Sold_CY!$A$3:$A$304,0)) -> 1349.22 | I7: =INDEX(Annual_Sold_CY!$H$3:$H$304,MATCH($B7,Annual_Sold_CY!$A$3:$A$304,0)) -> 883.76 | J7: =INDEX(Annual_Sold_CY!$I$3:$I$304,MATCH($B7,Annual_Sold_CY!$A$3:$A$304,0)) -> 14328.58
A8: 6 | B8: =INDEX(Annual_Sold_CY!$A$3:$A$304,MATCH(A8,Annual_Sold_CY!$J$3:$J$304,0)) -> JINDAL POWER LTD - STAGE 2 | C8: =INDEX(Annual_Sold_CY!$B$3:$B$304,MATCH($B8,Annual_Sold_CY!$A$3:$A$304,0)) -> 1232.5 | D8: =INDEX(Annual_Sold_CY!$C$3:$C$304,MATCH($B8,Annual_Sold_CY!$A$3:$A$304,0)) -> 987.39 | E8: =INDEX(Annual_Sold_CY!$D$3:$D$304,MATCH($B8,Annual_Sold_CY!$A$3:$A$304,0)) -> 1850.72 | F8: =INDEX(Annual_Sold_CY!$E$3:$E$304,MATCH($B8,Annual_Sold_CY!$A$3:$A$304,0)) -> 1310.49 | G8: =INDEX(Annual_Sold_CY!$F$3:$F$304,MATCH($B8,Annual_Sold_CY!$A$3:$A$304,0)) -> 3421.38 | H8: =INDEX(Annual_Sold_CY!$G$3:$G$304,MATCH($B8,Annual_Sold_CY!$A$3:$A$304,0)) -> 3431.77 | I8: =INDEX(Annual_Sold_CY!$H$3:$H$304,MATCH($B8,Annual_Sold_CY!$A$3:$A$304,0)) -> 1093.08 | J8: =INDEX(Annual_Sold_CY!$I$3:$I$304,MATCH($B8,Annual_Sold_CY!$A$3:$A$304,0)) -> 13327.33
A9: 7 | B9: =INDEX(Annual_Sold_CY!$A$3:$A$304,MATCH(A9,Annual_Sold_CY!$J$3:$J$304,0)) -> MADHYA PRADESH | C9: =INDEX(Annual_Sold_CY!$B$3:$B$304,MATCH($B9,Annual_Sold_CY!$A$3:$A$304,0)) -> 1791.95 | D9: =INDEX(Annual_Sold_CY!$C$3:$C$304,MATCH($B9,Annual_Sold_CY!$A$3:$A$304,0)) -> 2556.96 | E9: =INDEX(Annual_Sold_CY!$D$3:$D$304,MATCH($B9,Annual_Sold_CY!$A$3:$A$304,0)) -> 2528.98 | F9: =INDEX(Annual_Sold_CY!$E$3:$E$304,MATCH($B9,Annual_Sold_CY!$A$3:$A$304,0)) -> 1539.32 | G9: =INDEX(Annual_Sold_CY!$F$3:$F$304,MATCH($B9,Annual_Sold_CY!$A$3:$A$304,0)) -> 1528.65 | H9: =INDEX(Annual_Sold_CY!$G$3:$G$304,MATCH($B9,Annual_Sold_CY!$A$3:$A$304,0)) -> 1762.13 | I9: =INDEX(Annual_Sold_CY!$H$3:$H$304,MATCH($B9,Annual_Sold_CY!$A$3:$A$304,0)) -> 383.95 | J9: =INDEX(Annual_Sold_CY!$I$3:$I$304,MATCH($B9,Annual_Sold_CY!$A$3:$A$304,0)) -> 12091.94
A10: 8 | B10: =INDEX(Annual_Sold_CY!$A$3:$A$304,MATCH(A10,Annual_Sold_CY!$J$3:$J$304,0)) -> HIMACHAL PRADESH | C10: =INDEX(Annual_Sold_CY!$B$3:$B$304,MATCH($B10,Annual_Sold_CY!$A$3:$A$304,0)) -> 3088.63 | D10: =INDEX(Annual_Sold_CY!$C$3:$C$304,MATCH($B10,Annual_Sold_CY!$A$3:$A$304,0)) -> 2502.79 | E10: =INDEX(Annual_Sold_CY!$D$3:$D$304,MATCH($B10,Annual_Sold_CY!$A$3:$A$304,0)) -> 1319.6 | F10: =INDEX(Annual_Sold_CY!$E$3:$E$304,MATCH($B10,Annual_Sold_CY!$A$3:$A$304,0)) -> 1162.91 | G10: =INDEX(Annual_Sold_CY!$F$3:$F$304,MATCH($B10,Annual_Sold_CY!$A$3:$A$304,0)) -> 1674.63 | H10: =INDEX(Annual_Sold_CY!$G$3:$G$304,MATCH($B10,Annual_Sold_CY!$A$3:$A$304,0)) -> 1324.05 | I10: =INDEX(Annual_Sold_CY!$H$3:$H$304,MATCH($B10,Annual_Sold_CY!$A$3:$A$304,0)) -> 187.72 | J10: =INDEX(Annual_Sold_CY!$I$3:$I$304,MATCH($B10,Annual_Sold_CY!$A$3:$A$304,0)) -> 11260.33
A11: 9 | B11: =INDEX(Annual_Sold_CY!$A$3:$A$304,MATCH(A11,Annual_Sold_CY!$J$3:$J$304,0)) -> SEIL ENERGY INDIA (EX-SEMBCORP) | C11: =INDEX(Annual_Sold_CY!$B$3:$B$304,MATCH($B11,Annual_Sold_CY!$A$3:$A$304,0)) -> 3288.17 | D11: =INDEX(Annual_Sold_CY!$C$3:$C$304,MATCH($B11,Annual_Sold_CY!$A$3:$A$304,0)) -> 3408.24 | E11: =INDEX(Annual_Sold_CY!$D$3:$D$304,MATCH($B11,Annual_Sold_CY!$A$3:$A$304,0)) -> 1887.2 | F11: =INDEX(Annual_Sold_CY!$E$3:$E$304,MATCH($B11,Annual_Sold_CY!$A$3:$A$304,0)) -> 855.97 | G11: =INDEX(Annual_Sold_CY!$F$3:$F$304,MATCH($B11,Annual_Sold_CY!$A$3:$A$304,0)) -> 809.86 | H11: =INDEX(Annual_Sold_CY!$G$3:$G$304,MATCH($B11,Annual_Sold_CY!$A$3:$A$304,0)) -> 713.2 | I11: =INDEX(Annual_Sold_CY!$H$3:$H$304,MATCH($B11,Annual_Sold_CY!$A$3:$A$304,0)) -> 74.22 | J11: =INDEX(Annual_Sold_CY!$I$3:$I$304,MATCH($B11,Annual_Sold_CY!$A$3:$A$304,0)) -> 11036.86
A12: 10 | B12: =INDEX(Annual_Sold_CY!$A$3:$A$304,MATCH(A12,Annual_Sold_CY!$J$3:$J$304,0)) -> ADANI POWER - RAIPUR TPP (EX-GMR CHHATTISGARH) | C12: =INDEX(Annual_Sold_CY!$B$3:$B$304,MATCH($B12,Annual_Sold_CY!$A$3:$A$304,0)) -> 2188.37 | D12: =INDEX(Annual_Sold_CY!$C$3:$C$304,MATCH($B12,Annual_Sold_CY!$A$3:$A$304,0)) -> 722 | E12: =INDEX(Annual_Sold_CY!$D$3:$D$304,MATCH($B12,Annual_Sold_CY!$A$3:$A$304,0)) -> 1106.89 | F12: =INDEX(Annual_Sold_CY!$E$3:$E$304,MATCH($B12,Annual_Sold_CY!$A$3:$A$304,0)) -> 1647.87 | G12: =INDEX(Annual_Sold_CY!$F$3:$F$304,MATCH($B12,Annual_Sold_CY!$A$3:$A$304,0)) -> 2839.61 | H12: =INDEX(Annual_Sold_CY!$G$3:$G$304,MATCH($B12,Annual_Sold_CY!$A$3:$A$304,0)) -> 1708.05 | I12: =INDEX(Annual_Sold_CY!$H$3:$H$304,MATCH($B12,Annual_Sold_CY!$A$3:$A$304,0)) -> 629.63 | J12: =INDEX(Annual_Sold_CY!$I$3:$I$304,MATCH($B12,Annual_Sold_CY!$A$3:$A$304,0)) -> 10842.42
A13: 11 | B13: =INDEX(Annual_Sold_CY!$A$3:$A$304,MATCH(A13,Annual_Sold_CY!$J$3:$J$304,0)) -> KARNATAKA | C13: =INDEX(Annual_Sold_CY!$B$3:$B$304,MATCH($B13,Annual_Sold_CY!$A$3:$A$304,0)) -> 725.93 | D13: =INDEX(Annual_Sold_CY!$C$3:$C$304,MATCH($B13,Annual_Sold_CY!$A$3:$A$304,0)) -> 3006.33 | E13: =INDEX(Annual_Sold_CY!$D$3:$D$304,MATCH($B13,Annual_Sold_CY!$A$3:$A$304,0)) -> 2221.31 | F13: =INDEX(Annual_Sold_CY!$E$3:$E$304,MATCH($B13,Annual_Sold_CY!$A$3:$A$304,0)) -> 728.16 | G13: =INDEX(Annual_Sold_CY!$F$3:$F$304,MATCH($B13,Annual_Sold_CY!$A$3:$A$304,0)) -> 2036.65 | H13: =INDEX(Annual_Sold_CY!$G$3:$G$304,MATCH($B13,Annual_Sold_CY!$A$3:$A$304,0)) -> 1040.05 | I13: =INDEX(Annual_Sold_CY!$H$3:$H$304,MATCH($B13,Annual_Sold_CY!$A$3:$A$304,0)) -> 150.03 | J13: =INDEX(Annual_Sold_CY!$I$3:$I$304,MATCH($B13,Annual_Sold_CY!$A$3:$A$304,0)) -> 9908.46
A14: 12 | B14: =INDEX(Annual_Sold_CY!$A$3:$A$304,MATCH(A14,Annual_Sold_CY!$J$3:$J$304,0)) -> MAHAN ENERGEN (EX-ESSAR POWER MP) | C14: =INDEX(Annual_Sold_CY!$B$3:$B$304,MATCH($B14,Annual_Sold_CY!$A$3:$A$304,0)) -> 871 | D14: =INDEX(Annual_Sold_CY!$C$3:$C$304,MATCH($B14,Annual_Sold_CY!$A$3:$A$304,0)) -> 1161.64 | E14: =INDEX(Annual_Sold_CY!$D$3:$D$304,MATCH($B14,Annual_Sold_CY!$A$3:$A$304,0)) -> 865.37 | F14: =INDEX(Annual_Sold_CY!$E$3:$E$304,MATCH($B14,Annual_Sold_CY!$A$3:$A$304,0)) -> 1492.1 | G14: =INDEX(Annual_Sold_CY!$F$3:$F$304,MATCH($B14,Annual_Sold_CY!$A$3:$A$304,0)) -> 2832 | H14: =INDEX(Annual_Sold_CY!$G$3:$G$304,MATCH($B14,Annual_Sold_CY!$A$3:$A$304,0)) -> 1982.22 | I14: =INDEX(Annual_Sold_CY!$H$3:$H$304,MATCH($B14,Annual_Sold_CY!$A$3:$A$304,0)) -> 420.03 | J14: =INDEX(Annual_Sold_CY!$I$3:$I$304,MATCH($B14,Annual_Sold_CY!$A$3:$A$304,0)) -> 9624.36
... A17: 15 | B17: =INDEX(Annual_Sold_CY!$A$3:$A$304,MATCH(A17,Annual_Sold_CY!$J$3:$J$304,0)) -> JINDAL POWER LTD - STAGE 1 | C17: =INDEX(Annual_Sold_CY!$B$3:$B$304,MATCH($B17,Annual_Sold_CY!$A$3:$A$304,0)) -> 1749.25 | D17: =INDEX(Annual_Sold_CY!$C$3:$C$304,MATCH($B17,Annual_Sold_CY!$A$3:$A$304,0)) -> 2137.03 | E17: =INDEX(Annual_Sold_CY!$D$3:$D$304,MATCH($B17,Annual_Sold_CY!$A$3:$A$304,0)) -> 949.23 | F17: =INDEX(Annual_Sold_CY!$E$3:$E$304,MATCH($B17,Annual_Sold_CY!$A$3:$A$304,0)) -> 1020.54 | G17: =INDEX(Annual_Sold_CY!$F$3:$F$304,MATCH($B17,Annual_Sold_CY!$A$3:$A$304,0)) -> 1473.66 | H17: =INDEX(Annual_Sold_CY!$G$3:$G$304,MATCH($B17,Annual_Sold_CY!$A$3:$A$304,0)) -> 1513.84 | I17: =INDEX(Annual_Sold_CY!$H$3:$H$304,MATCH($B17,Annual_Sold_CY!$A$3:$A$304,0)) -> 444.69 | J17: =INDEX(Annual_Sold_CY!$I$3:$I$304,MATCH($B17,Annual_Sold_CY!$A$3:$A$304,0)) -> 9288.24
A18: =COUNTIF(Annual_Sold_CY!$I$3:$I$304,">0")-15 -> 287 | B18: ="OTHERS ("&A18&" players)" -> OTHERS (287 players) | C18: =C19-SUM(C3:C17) -> 23617.18 | D18: =D19-SUM(D3:D17) -> 25141.544 | E18: =E19-SUM(E3:E17) -> 20195.845 | F18: =F19-SUM(F3:F17) -> 23072.071 | G18: =G19-SUM(G3:G17) -> 28062.497 | H18: =H19-SUM(H3:H17) -> 34902.1 | I18: =I19-SUM(I3:I17) -> 11339.408 | J18: =J19-SUM(J3:J17) -> 166330.65
B19: TOTAL | C19: =Annual_Sold_CY!B305 -> 56426.36 | D19: =Annual_Sold_CY!C305 -> 65677.324 | E19: =Annual_Sold_CY!D305 -> 53792.735 | F19: =Annual_Sold_CY!E305 -> 52878.601 | G19: =Annual_Sold_CY!F305 -> 59306.487 | H19: =Annual_Sold_CY!G305 -> 60454.5 | I19: =Annual_Sold_CY!H305 -> 19585.018 | J19: =Annual_Sold_CY!I305 -> 368121.03
B20: Check: top15 + Others = Annual total | C20: =IF(ABS(SUM(C3:C18)-C19)<0.01,"OK","MISMATCH") -> OK | D20: =IF(ABS(SUM(D3:D18)-D19)<0.01,"OK","MISMATCH") -> OK | E20: =IF(ABS(SUM(E3:E18)-E19)<0.01,"OK","MISMATCH") -> OK | F20: =IF(ABS(SUM(F3:F18)-F19)<0.01,"OK","MISMATCH") -> OK | G20: =IF(ABS(SUM(G3:G18)-G19)<0.01,"OK","MISMATCH") -> OK | H20: =IF(ABS(SUM(H3:H18)-H19)<0.01,"OK","MISMATCH") -> OK | I20: =IF(ABS(SUM(I3:I18)-I19)<0.01,"OK","MISMATCH") -> OK | J20: =IF(ABS(SUM(J3:J18)-J19)<0.01,"OK","MISMATCH") -> OK
A22: Share of period total (%)
A23: Rank | B23: Player | C23: 2020 | D23: 2021 | E23: 2022 | F23: 2023 | G23: 2024 | H23: 2025 | I23: 2026 | J23: TOTAL
A24: =A3 -> 1 | B24: =B3 -> UTTAR PRADESH | C24: =IF(C$19=0,0,C3/C$19*100) -> 4.9794635 | D24: =IF(D$19=0,0,D3/D$19*100) -> 10.18994 | E24: =IF(E$19=0,0,E3/E$19*100) -> 12.555078 | F24: =IF(F$19=0,0,F3/F$19*100) -> 14.469861 | G24: =IF(G$19=0,0,G3/G$19*100) -> 7.8210837 | H24: =IF(H$19=0,0,H3/H$19*100) -> 6.6954321 | I24: =IF(I$19=0,0,I3/I$19*100) -> 7.3350456 | J24: =IF(J$19=0,0,J3/J$19*100) -> 9.2442587
A25: =A4 -> 2 | B25: =B4 -> ODISHA | C25: =IF(C$19=0,0,C4/C$19*100) -> 7.9344122 | D25: =IF(D$19=0,0,D4/D$19*100) -> 5.3307897 | E25: =IF(E$19=0,0,E4/E$19*100) -> 2.1031836 | F25: =IF(F$19=0,0,F4/F$19*100) -> 2.5071389 | G25: =IF(G$19=0,0,G4/G$19*100) -> 4.4639299 | H25: =IF(H$19=0,0,H4/H$19*100) -> 4.4780124 | I25: =IF(I$19=0,0,I4/I$19*100) -> 5.8162826 | J25: =IF(J$19=0,0,J4/J$19*100) -> 4.5987593
A26: =A5 -> 3 | B26: =B5 -> CHHATTISGARH | C26: =IF(C$19=0,0,C5/C$19*100) -> 2.8885613 | D26: =IF(D$19=0,0,D5/D$19*100) -> 2.8140154 | E26: =IF(E$19=0,0,E5/E$19*100) -> 4.5218932 | F26: =IF(F$19=0,0,F5/F$19*100) -> 7.1026652 | G26: =IF(G$19=0,0,G5/G$19*100) -> 5.711382 | H26: =IF(H$19=0,0,H5/H$19*100) -> 3.0589782 | I26: =IF(I$19=0,0,I5/I$19*100) -> 4.2925158 | J26: =IF(J$19=0,0,J5/J$19*100) -> 4.2767239
A27: =A6 -> 4 | B27: =B6 -> WEST BENGAL | C27: =IF(C$19=0,0,C6/C$19*100) -> 1.9172954 | D27: =IF(D$19=0,0,D6/D$19*100) -> 7.9551962 | E27: =IF(E$19=0,0,E6/E$19*100) -> 8.4948274 | F27: =IF(F$19=0,0,F6/F$19*100) -> 2.5095218 | G27: =IF(G$19=0,0,G6/G$19*100) -> 1.980441 | H27: =IF(H$19=0,0,H6/H$19*100) -> 1.2985634 | I27: =IF(I$19=0,0,I6/I$19*100) -> 1.779064 | J27: =IF(J$19=0,0,J6/J$19*100) -> 3.9419699
A28: =A7 -> 5 | B28: =B7 -> BIHAR | C28: =IF(C$19=0,0,C7/C$19*100) -> 1.4617104 | D28: =IF(D$19=0,0,D7/D$19*100) -> 3.7188787 | E28: =IF(E$19=0,0,E7/E$19*100) -> 6.6798425 | F28: =IF(F$19=0,0,F7/F$19*100) -> 7.3211846 | G28: =IF(G$19=0,0,G7/G$19*100) -> 2.2994786 | H28: =IF(H$19=0,0,H7/H$19*100) -> 2.2317941 | I28: =IF(I$19=0,0,I7/I$19*100) -> 4.5124288 | J28: =IF(J$19=0,0,J7/J$19*100) -> 3.8923558
A29: =A8 -> 6 | B29: =B8 -> JINDAL POWER LTD - STAGE 2 | C29: =IF(C$19=0,0,C8/C$19*100) -> 2.1842628 | D29: =IF(D$19=0,0,D8/D$19*100) -> 1.5033956 | E29: =IF(E$19=0,0,E8/E$19*100) -> 3.4404646 | F29: =IF(F$19=0,0,F8/F$19*100) -> 2.4782993 | G29: =IF(G$19=0,0,G8/G$19*100) -> 5.7689811 | H29: =IF(H$19=0,0,H8/H$19*100) -> 5.6766163 | I29: =IF(I$19=0,0,I8/I$19*100) -> 5.581205 | J29: =IF(J$19=0,0,J8/J$19*100) -> 3.6203664
A30: =A9 -> 7 | B30: =B9 -> MADHYA PRADESH | C30: =IF(C$19=0,0,C9/C$19*100) -> 3.1757321 | D30: =IF(D$19=0,0,D9/D$19*100) -> 3.8932159 | E30: =IF(E$19=0,0,E9/E$19*100) -> 4.7013412 | F30: =IF(F$19=0,0,F9/F$19*100) -> 2.9110452 | G30: =IF(G$19=0,0,G9/G$19*100) -> 2.5775427 | H30: =IF(H$19=0,0,H9/H$19*100) -> 2.9148037 | I30: =IF(I$19=0,0,I9/I$19*100) -> 1.9604271 | J30: =IF(J$19=0,0,J9/J$19*100) -> 3.284773
A31: =A10 -> 8 | B31: =B10 -> HIMACHAL PRADESH | C31: =IF(C$19=0,0,C10/C$19*100) -> 5.473736 | D31: =IF(D$19=0,0,D10/D$19*100) -> 3.8107369 | E31: =IF(E$19=0,0,E10/E$19*100) -> 2.4531194 | F31: =IF(F$19=0,0,F10/F$19*100) -> 2.1992072 | G31: =IF(G$19=0,0,G10/G$19*100) -> 2.8236877 | H31: =IF(H$19=0,0,H10/H$19*100) -> 2.1901595 | I31: =IF(I$19=0,0,I10/I$19*100) -> 0.95848776 | J31: =IF(J$19=0,0,J10/J$19*100) -> 3.0588663
A32: =A11 -> 9 | B32: =B11 -> SEIL ENERGY INDIA (EX-SEMBCORP) | C32: =IF(C$19=0,0,C11/C$19*100) -> 5.8273651 | D32: =IF(D$19=0,0,D11/D$19*100) -> 5.189371 | E32: =IF(E$19=0,0,E11/E$19*100) -> 3.5082804 | F32: =IF(F$19=0,0,F11/F$19*100) -> 1.6187455 | G32: =IF(G$19=0,0,G11/G$19*100) -> 1.3655504 | H32: =IF(H$19=0,0,H11/H$19*100) -> 1.1797302 | I32: =IF(I$19=0,0,I11/I$19*100) -> 0.37896314 | J32: =IF(J$19=0,0,J11/J$19*100) -> 2.9981607
A33: =A12 -> 10 | B33: =B12 -> ADANI POWER - RAIPUR TPP (EX-GMR CHHATTISGARH) | C33: =IF(C$19=0,0,C12/C$19*100) -> 3.878276 | D33: =IF(D$19=0,0,D12/D$19*100) -> 1.099314 | E33: =IF(E$19=0,0,E12/E$19*100) -> 2.0576942 | F33: =IF(F$19=0,0,F12/F$19*100) -> 3.1163268 | G33: =IF(G$19=0,0,G12/G$19*100) -> 4.788026 | H33: =IF(H$19=0,0,H12/H$19*100) -> 2.825348 | I33: =IF(I$19=0,0,I12/I$19*100) -> 3.2148554 | J33: =IF(J$19=0,0,J12/J$19*100) -> 2.9453411
A34: =A13 -> 11 | B34: =B13 -> KARNATAKA | C34: =IF(C$19=0,0,C13/C$19*100) -> 1.2865086 | D34: =IF(D$19=0,0,D13/D$19*100) -> 4.5774246 | E34: =IF(E$19=0,0,E13/E$19*100) -> 4.1293866 | F34: =IF(F$19=0,0,F13/F$19*100) -> 1.377041 | G34: =IF(G$19=0,0,G13/G$19*100) -> 3.43411 | H34: =IF(H$19=0,0,H13/H$19*100) -> 1.7203847 | I34: =IF(I$19=0,0,I13/I$19*100) -> 0.76604474 | J34: =IF(J$19=0,0,J13/J$19*100) -> 2.6916311
A35: =A14 -> 12 | B35: =B14 -> MAHAN ENERGEN (EX-ESSAR POWER MP) | C35: =IF(C$19=0,0,C14/C$19*100) -> 1.5436048 | D35: =IF(D$19=0,0,D14/D$19*100) -> 1.7687079 | E35: =IF(E$19=0,0,E14/E$19*100) -> 1.6087117 | F35: =IF(F$19=0,0,F14/F$19*100) -> 2.8217464 | G35: =IF(G$19=0,0,G14/G$19*100) -> 4.7751943 | H35: =IF(H$19=0,0,H14/H$19*100) -> 3.2788626 | I35: =IF(I$19=0,0,I14/I$19*100) -> 2.1446495 | J35: =IF(J$19=0,0,J14/J$19*100) -> 2.6144554
... A40: =A19 -> 0 | B40: =B19 -> TOTAL | C40: =IF(C$19=0,0,C19/C$19*100) -> 100 | D40: =IF(D$19=0,0,D19/D$19*100) -> 100 | E40: =IF(E$19=0,0,E19/E$19*100) -> 100 | F40: =IF(F$19=0,0,F19/F$19*100) -> 100 | G40: =IF(G$19=0,0,G19/G$19*100) -> 100 | H40: =IF(H$19=0,0,H19/H$19*100) -> 100 | I40: =IF(I$19=0,0,I19/I$19*100) -> 100 | J40: =IF(J$19=0,0,J19/J$19*100) -> 100

Sheet Top15_ByYear_Sold_CY
A1: SOLD in DAM - each period's own top 15 players (MU and % of that period), from Annual_Sold_CY
A2: 2020 | F2: 2021 | K2: 2022 | P2: 2023 | U2: 2024 | Z2: 2025 | AE2: 2026 (2026-01 to 2026-03 only)
A3: Rank | B3: Player | C3: MU | D3: % share | F3: Rank | G3: Player | H3: MU | I3: % share | K3: Rank | L3: Player | M3: MU | N3: % share | P3: Rank | Q3: Player | R3: MU | S3: % share | U3: Rank | V3: Player | W3: MU | X3: % share | Z3: Rank | AA3: Player | AB3: MU | AC3: % share | AE3: Rank | AF3: Player | AG3: MU | AH3: % share
A4: 1 | B4: =INDEX(Annual_Sold_CY!$A$3:$A$304,MATCH(A4,Annual_Sold_CY!$K$3:$K$304,0)) -> TEESTA URJA (TEESTA-III HEP) | C4: =INDEX(Annual_Sold_CY!$B$3:$B$304,MATCH(B4,Annual_Sold_CY!$A$3:$A$304,0)) -> 4669.39 | D4: =IF(C$20=0,0,C4/C$20*100) -> 8.2751927 | F4: 1 | G4: =INDEX(Annual_Sold_CY!$A$3:$A$304,MATCH(F4,Annual_Sold_CY!$L$3:$L$304,0)) -> UTTAR PRADESH | H4: =INDEX(Annual_Sold_CY!$C$3:$C$304,MATCH(G4,Annual_Sold_CY!$A$3:$A$304,0)) -> 6692.48 | I4: =IF(H$20=0,0,H4/H$20*100) -> 10.18994 | K4: 1 | L4: =INDEX(Annual_Sold_CY!$A$3:$A$304,MATCH(K4,Annual_Sold_CY!$M$3:$M$304,0)) -> UTTAR PRADESH | M4: =INDEX(Annual_Sold_CY!$D$3:$D$304,MATCH(L4,Annual_Sold_CY!$A$3:$A$304,0)) -> 6753.72 | N4: =IF(M$20=0,0,M4/M$20*100) -> 12.555078 | P4: 1 | Q4: =INDEX(Annual_Sold_CY!$A$3:$A$304,MATCH(P4,Annual_Sold_CY!$N$3:$N$304,0)) -> UTTAR PRADESH | R4: =INDEX(Annual_Sold_CY!$E$3:$E$304,MATCH(Q4,Annual_Sold_CY!$A$3:$A$304,0)) -> 7651.46 | S4: =IF(R$20=0,0,R4/R$20*100) -> 14.469861 | U4: 1 | V4: =INDEX(Annual_Sold_CY!$A$3:$A$304,MATCH(U4,Annual_Sold_CY!$O$3:$O$304,0)) -> UTTAR PRADESH | W4: =INDEX(Annual_Sold_CY!$F$3:$F$304,MATCH(V4,Annual_Sold_CY!$A$3:$A$304,0)) -> 4638.41 | X4: =IF(W$20=0,0,W4/W$20*100) -> 7.8210837 | Z4: 1 | AA4: =INDEX(Annual_Sold_CY!$A$3:$A$304,MATCH(Z4,Annual_Sold_CY!$P$3:$P$304,0)) -> UTTAR PRADESH | AB4: =INDEX(Annual_Sold_CY!$G$3:$G$304,MATCH(AA4,Annual_Sold_CY!$A$3:$A$304,0)) -> 4047.69 | AC4: =IF(AB$20=0,0,AB4/AB$20*100) -> 6.6954321 | AE4: 1 | AF4: =INDEX(Annual_Sold_CY!$A$3:$A$304,MATCH(AE4,Annual_Sold_CY!$Q$3:$Q$304,0)) -> UTTAR PRADESH | AG4: =INDEX(Annual_Sold_CY!$H$3:$H$304,MATCH(AF4,Annual_Sold_CY!$A$3:$A$304,0)) -> 1436.57 | AH4: =IF(AG$20=0,0,AG4/AG$20*100) -> 7.3350456
A5: 2 | B5: =INDEX(Annual_Sold_CY!$A$3:$A$304,MATCH(A5,Annual_Sold_CY!$K$3:$K$304,0)) -> ODISHA | C5: =INDEX(Annual_Sold_CY!$B$3:$B$304,MATCH(B5,Annual_Sold_CY!$A$3:$A$304,0)) -> 4477.1 | D5: =IF(C$20=0,0,C5/C$20*100) -> 7.9344122 | F5: 2 | G5: =INDEX(Annual_Sold_CY!$A$3:$A$304,MATCH(F5,Annual_Sold_CY!$L$3:$L$304,0)) -> WEST BENGAL | H5: =INDEX(Annual_Sold_CY!$C$3:$C$304,MATCH(G5,Annual_Sold_CY!$A$3:$A$304,0)) -> 5224.76 | I5: =IF(H$20=0,0,H5/H$20*100) -> 7.9551962 | K5: 2 | L5: =INDEX(Annual_Sold_CY!$A$3:$A$304,MATCH(K5,Annual_Sold_CY!$M$3:$M$304,0)) -> WEST BENGAL | M5: =INDEX(Annual_Sold_CY!$D$3:$D$304,MATCH(L5,Annual_Sold_CY!$A$3:$A$304,0)) -> 4569.6 | N5: =IF(M$20=0,0,M5/M$20*100) -> 8.4948274 | P5: 2 | Q5: =INDEX(Annual_Sold_CY!$A$3:$A$304,MATCH(P5,Annual_Sold_CY!$N$3:$N$304,0)) -> BIHAR | R5: =INDEX(Annual_Sold_CY!$E$3:$E$304,MATCH(Q5,Annual_Sold_CY!$A$3:$A$304,0)) -> 3871.34 | S5: =IF(R$20=0,0,R5/R$20*100) -> 7.3211846 | U5: 2 | V5: =INDEX(Annual_Sold_CY!$A$3:$A$304,MATCH(U5,Annual_Sold_CY!$O$3:$O$304,0)) -> JINDAL POWER LTD - STAGE 2 | W5: =INDEX(Annual_Sold_CY!$F$3:$F$304,MATCH(V5,Annual_Sold_CY!$A$3:$A$304,0)) -> 3421.38 | X5: =IF(W$20=0,0,W5/W$20*100) -> 5.7689811 | Z5: 2 | AA5: =INDEX(Annual_Sold_CY!$A$3:$A$304,MATCH(Z5,Annual_Sold_CY!$P$3:$P$304,0)) -> JINDAL POWER LTD - STAGE 2 | AB5: =INDEX(Annual_Sold_CY!$G$3:$G$304,MATCH(AA5,Annual_Sold_CY!$A$3:$A$304,0)) -> 3431.77 | AC5: =IF(AB$20=0,0,AB5/AB$20*100) -> 5.6766163 | AE5: 2 | AF5: =INDEX(Annual_Sold_CY!$A$3:$A$304,MATCH(AE5,Annual_Sold_CY!$Q$3:$Q$304,0)) -> ODISHA | AG5: =INDEX(Annual_Sold_CY!$H$3:$H$304,MATCH(AF5,Annual_Sold_CY!$A$3:$A$304,0)) -> 1139.12 | AH5: =IF(AG$20=0,0,AG5/AG$20*100) -> 5.8162826
A6: 3 | B6: =INDEX(Annual_Sold_CY!$A$3:$A$304,MATCH(A6,Annual_Sold_CY!$K$3:$K$304,0)) -> SEIL ENERGY INDIA (EX-SEMBCORP) | C6: =INDEX(Annual_Sold_CY!$B$3:$B$304,MATCH(B6,Annual_Sold_CY!$A$3:$A$304,0)) -> 3288.17 | D6: =IF(C$20=0,0,C6/C$20*100) -> 5.8273651 | F6: 3 | G6: =INDEX(Annual_Sold_CY!$A$3:$A$304,MATCH(F6,Annual_Sold_CY!$L$3:$L$304,0)) -> ODISHA | H6: =INDEX(Annual_Sold_CY!$C$3:$C$304,MATCH(G6,Annual_Sold_CY!$A$3:$A$304,0)) -> 3501.12 | I6: =IF(H$20=0,0,H6/H$20*100) -> 5.3307897 | K6: 3 | L6: =INDEX(Annual_Sold_CY!$A$3:$A$304,MATCH(K6,Annual_Sold_CY!$M$3:$M$304,0)) -> BIHAR | M6: =INDEX(Annual_Sold_CY!$D$3:$D$304,MATCH(L6,Annual_Sold_CY!$A$3:$A$304,0)) -> 3593.27 | N6: =IF(M$20=0,0,M6/M$20*100) -> 6.6798425 | P6: 3 | Q6: =INDEX(Annual_Sold_CY!$A$3:$A$304,MATCH(P6,Annual_Sold_CY!$N$3:$N$304,0)) -> CHHATTISGARH | R6: =INDEX(Annual_Sold_CY!$E$3:$E$304,MATCH(Q6,Annual_Sold_CY!$A$3:$A$304,0)) -> 3755.79 | S6: =IF(R$20=0,0,R6/R$20*100) -> 7.1026652 | U6: 3 | V6: =INDEX(Annual_Sold_CY!$A$3:$A$304,MATCH(U6,Annual_Sold_CY!$O$3:$O$304,0)) -> CHHATTISGARH | W6: =INDEX(Annual_Sold_CY!$F$3:$F$304,MATCH(V6,Annual_Sold_CY!$A$3:$A$304,0)) -> 3387.22 | X6: =IF(W$20=0,0,W6/W$20*100) -> 5.711382 | Z6: 3 | AA6: =INDEX(Annual_Sold_CY!$A$3:$A$304,MATCH(Z6,Annual_Sold_CY!$P$3:$P$304,0)) -> ODISHA | AB6: =INDEX(Annual_Sold_CY!$G$3:$G$304,MATCH(AA6,Annual_Sold_CY!$A$3:$A$304,0)) -> 2707.16 | AC6: =IF(AB$20=0,0,AB6/AB$20*100) -> 4.4780124 | AE6: 3 | AF6: =INDEX(Annual_Sold_CY!$A$3:$A$304,MATCH(AE6,Annual_Sold_CY!$Q$3:$Q$304,0)) -> JINDAL POWER LTD - STAGE 2 | AG6: =INDEX(Annual_Sold_CY!$H$3:$H$304,MATCH(AF6,Annual_Sold_CY!$A$3:$A$304,0)) -> 1093.08 | AH6: =IF(AG$20=0,0,AG6/AG$20*100) -> 5.581205
A7: 4 | B7: =INDEX(Annual_Sold_CY!$A$3:$A$304,MATCH(A7,Annual_Sold_CY!$K$3:$K$304,0)) -> HIMACHAL PRADESH | C7: =INDEX(Annual_Sold_CY!$B$3:$B$304,MATCH(B7,Annual_Sold_CY!$A$3:$A$304,0)) -> 3088.63 | D7: =IF(C$20=0,0,C7/C$20*100) -> 5.473736 | F7: 4 | G7: =INDEX(Annual_Sold_CY!$A$3:$A$304,MATCH(F7,Annual_Sold_CY!$L$3:$L$304,0)) -> SEIL ENERGY INDIA (EX-SEMBCORP) | H7: =INDEX(Annual_Sold_CY!$C$3:$C$304,MATCH(G7,Annual_Sold_CY!$A$3:$A$304,0)) -> 3408.24 | I7: =IF(H$20=0,0,H7/H$20*100) -> 5.189371 | K7: 4 | L7: =INDEX(Annual_Sold_CY!$A$3:$A$304,MATCH(K7,Annual_Sold_CY!$M$3:$M$304,0)) -> MADHYA PRADESH | M7: =INDEX(Annual_Sold_CY!$D$3:$D$304,MATCH(L7,Annual_Sold_CY!$A$3:$A$304,0)) -> 2528.98 | N7: =IF(M$20=0,0,M7/M$20*100) -> 4.7013412 | P7: 4 | Q7: =INDEX(Annual_Sold_CY!$A$3:$A$304,MATCH(P7,Annual_Sold_CY!$N$3:$N$304,0)) -> DELHI | R7: =INDEX(Annual_Sold_CY!$E$3:$E$304,MATCH(Q7,Annual_Sold_CY!$A$3:$A$304,0)) -> 1987.07 | S7: =IF(R$20=0,0,R7/R$20*100) -> 3.7577961 | U7: 4 | V7: =INDEX(Annual_Sold_CY!$A$3:$A$304,MATCH(U7,Annual_Sold_CY!$O$3:$O$304,0)) -> ADANI POWER - RAIPUR TPP (EX-GMR CHHATTISGARH) | W7: =INDEX(Annual_Sold_CY!$F$3:$F$304,MATCH(V7,Annual_Sold_CY!$A$3:$A$304,0)) -> 2839.61 | X7: =IF(W$20=0,0,W7/W$20*100) -> 4.788026 | Z7: 4 | AA7: =INDEX(Annual_Sold_CY!$A$3:$A$304,MATCH(Z7,Annual_Sold_CY!$P$3:$P$304,0)) -> HARYANA | AB7: =INDEX(Annual_Sold_CY!$G$3:$G$304,MATCH(AA7,Annual_Sold_CY!$A$3:$A$304,0)) -> 2526.79 | AC7: =IF(AB$20=0,0,AB7/AB$20*100) -> 4.1796557 | AE7: 4 | AF7: =INDEX(Annual_Sold_CY!$A$3:$A$304,MATCH(AE7,Annual_Sold_CY!$Q$3:$Q$304,0)) -> KSK MAHANADI | AG7: =INDEX(Annual_Sold_CY!$H$3:$H$304,MATCH(AF7,Annual_Sold_CY!$A$3:$A$304,0)) -> 1036.83 | AH7: =IF(AG$20=0,0,AG7/AG$20*100) -> 5.2939956
A8: 5 | B8: =INDEX(Annual_Sold_CY!$A$3:$A$304,MATCH(A8,Annual_Sold_CY!$K$3:$K$304,0)) -> GUJARAT | C8: =INDEX(Annual_Sold_CY!$B$3:$B$304,MATCH(B8,Annual_Sold_CY!$A$3:$A$304,0)) -> 3025.52 | D8: =IF(C$20=0,0,C8/C$20*100) -> 5.3618911 | F8: 5 | G8: =INDEX(Annual_Sold_CY!$A$3:$A$304,MATCH(F8,Annual_Sold_CY!$L$3:$L$304,0)) -> TEESTA URJA (TEESTA-III HEP) | H8: =INDEX(Annual_Sold_CY!$C$3:$C$304,MATCH(G8,Annual_Sold_CY!$A$3:$A$304,0)) -> 3024.68 | I8: =IF(H$20=0,0,H8/H$20*100) -> 4.6053643 | K8: 5 | L8: =INDEX(Annual_Sold_CY!$A$3:$A$304,MATCH(K8,Annual_Sold_CY!$M$3:$M$304,0)) -> CHHATTISGARH | M8: =INDEX(Annual_Sold_CY!$D$3:$D$304,MATCH(L8,Annual_Sold_CY!$A$3:$A$304,0)) -> 2432.45 | N8: =IF(M$20=0,0,M8/M$20*100) -> 4.5218932 | P8: 5 | Q8: =INDEX(Annual_Sold_CY!$A$3:$A$304,MATCH(P8,Annual_Sold_CY!$N$3:$N$304,0)) -> DB POWER | R8: =INDEX(Annual_Sold_CY!$E$3:$E$304,MATCH(Q8,Annual_Sold_CY!$A$3:$A$304,0)) -> 1884.31 | S8: =IF(R$20=0,0,R8/R$20*100) -> 3.5634642 | U8: 5 | V8: =INDEX(Annual_Sold_CY!$A$3:$A$304,MATCH(U8,Annual_Sold_CY!$O$3:$O$304,0)) -> MAHAN ENERGEN (EX-ESSAR POWER MP) | W8: =INDEX(Annual_Sold_CY!$F$3:$F$304,MATCH(V8,Annual_Sold_CY!$A$3:$A$304,0)) -> 2832 | X8: =IF(W$20=0,0,W8/W$20*100) -> 4.7751943 | Z8: 5 | AA8: =INDEX(Annual_Sold_CY!$A$3:$A$304,MATCH(Z8,Annual_Sold_CY!$P$3:$P$304,0)) -> TAMIL NADU | AB8: =INDEX(Annual_Sold_CY!$G$3:$G$304,MATCH(AA8,Annual_Sold_CY!$A$3:$A$304,0)) -> 2321.74 | AC8: =IF(AB$20=0,0,AB8/AB$20*100) -> 3.840475 | AE8: 5 | AF8: =INDEX(Annual_Sold_CY!$A$3:$A$304,MATCH(AE8,Annual_Sold_CY!$Q$3:$Q$304,0)) -> BIHAR | AG8: =INDEX(Annual_Sold_CY!$H$3:$H$304,MATCH(AF8,Annual_Sold_CY!$A$3:$A$304,0)) -> 883.76 | AH8: =IF(AG$20=0,0,AG8/AG$20*100) -> 4.5124288
A9: 6 | B9: =INDEX(Annual_Sold_CY!$A$3:$A$304,MATCH(A9,Annual_Sold_CY!$K$3:$K$304,0)) -> UTTAR PRADESH | C9: =INDEX(Annual_Sold_CY!$B$3:$B$304,MATCH(B9,Annual_Sold_CY!$A$3:$A$304,0)) -> 2809.73 | D9: =IF(C$20=0,0,C9/C$20*100) -> 4.9794635 | F9: 6 | G9: =INDEX(Annual_Sold_CY!$A$3:$A$304,MATCH(F9,Annual_Sold_CY!$L$3:$L$304,0)) -> KARNATAKA | H9: =INDEX(Annual_Sold_CY!$C$3:$C$304,MATCH(G9,Annual_Sold_CY!$A$3:$A$304,0)) -> 3006.33 | I9: =IF(H$20=0,0,H9/H$20*100) -> 4.5774246 | K9: 6 | L9: =INDEX(Annual_Sold_CY!$A$3:$A$304,MATCH(K9,Annual_Sold_CY!$M$3:$M$304,0)) -> KARNATAKA | M9: =INDEX(Annual_Sold_CY!$D$3:$D$304,MATCH(L9,Annual_Sold_CY!$A$3:$A$304,0)) -> 2221.31 | N9: =IF(M$20=0,0,M9/M$20*100) -> 4.1293866 | P9: 6 | Q9: =INDEX(Annual_Sold_CY!$A$3:$A$304,MATCH(P9,Annual_Sold_CY!$N$3:$N$304,0)) -> ADANI POWER - RAIPUR TPP (EX-GMR CHHATTISGARH) | R9: =INDEX(Annual_Sold_CY!$E$3:$E$304,MATCH(Q9,Annual_Sold_CY!$A$3:$A$304,0)) -> 1647.87 | S9: =IF(R$20=0,0,R9/R$20*100) -> 3.1163268 | U9: 6 | V9: =INDEX(Annual_Sold_CY!$A$3:$A$304,MATCH(U9,Annual_Sold_CY!$O$3:$O$304,0)) -> ODISHA | W9: =INDEX(Annual_Sold_CY!$F$3:$F$304,MATCH(V9,Annual_Sold_CY!$A$3:$A$304,0)) -> 2647.4 | X9: =IF(W$20=0,0,W9/W$20*100) -> 4.4639299 | Z9: 6 | AA9: =INDEX(Annual_Sold_CY!$A$3:$A$304,MATCH(Z9,Annual_Sold_CY!$P$3:$P$304,0)) -> MAHAN ENERGEN (EX-ESSAR POWER MP) | AB9: =INDEX(Annual_Sold_CY!$G$3:$G$304,MATCH(AA9,Annual_Sold_CY!$A$3:$A$304,0)) -> 1982.22 | AC9: =IF(AB$20=0,0,AB9/AB$20*100) -> 3.2788626 | AE9: 6 | AF9: =INDEX(Annual_Sold_CY!$A$3:$A$304,MATCH(AE9,Annual_Sold_CY!$Q$3:$Q$304,0)) -> CHHATTISGARH | AG9: =INDEX(Annual_Sold_CY!$H$3:$H$304,MATCH(AF9,Annual_Sold_CY!$A$3:$A$304,0)) -> 840.69 | AH9: =IF(AG$20=0,0,AG9/AG$20*100) -> 4.2925158
A10: 7 | B10: =INDEX(Annual_Sold_CY!$A$3:$A$304,MATCH(A10,Annual_Sold_CY!$K$3:$K$304,0)) -> JAYPEE NIGRIE STPP | C10: =INDEX(Annual_Sold_CY!$B$3:$B$304,MATCH(B10,Annual_Sold_CY!$A$3:$A$304,0)) -> 2380.6 | D10: =IF(C$20=0,0,C10/C$20*100) -> 4.2189502 | F10: 7 | G10: =INDEX(Annual_Sold_CY!$A$3:$A$304,MATCH(F10,Annual_Sold_CY!$L$3:$L$304,0)) -> MADHYA PRADESH | H10: =INDEX(Annual_Sold_CY!$C$3:$C$304,MATCH(G10,Annual_Sold_CY!$A$3:$A$304,0)) -> 2556.96 | I10: =IF(H$20=0,0,H10/H$20*100) -> 3.8932159 | K10: 7 | L10: =INDEX(Annual_Sold_CY!$A$3:$A$304,MATCH(K10,Annual_Sold_CY!$M$3:$M$304,0)) -> TELANGANA | M10: =INDEX(Annual_Sold_CY!$D$3:$D$304,MATCH(L10,Annual_Sold_CY!$A$3:$A$304,0)) -> 1907.43 | N10: =IF(M$20=0,0,M10/M$20*100) -> 3.5458877 | P10: 7 | Q10: =INDEX(Annual_Sold_CY!$A$3:$A$304,MATCH(P10,Annual_Sold_CY!$N$3:$N$304,0)) -> JAYPEE NIGRIE STPP | R10: =INDEX(Annual_Sold_CY!$E$3:$E$304,MATCH(Q10,Annual_Sold_CY!$A$3:$A$304,0)) -> 1547.43 | S10: =IF(R$20=0,0,R10/R$20*100) -> 2.9263823 | U10: 7 | V10: =INDEX(Annual_Sold_CY!$A$3:$A$304,MATCH(U10,Annual_Sold_CY!$O$3:$O$304,0)) -> KARNATAKA | W10: =INDEX(Annual_Sold_CY!$F$3:$F$304,MATCH(V10,Annual_Sold_CY!$A$3:$A$304,0)) -> 2036.65 | X10: =IF(W$20=0,0,W10/W$20*100) -> 3.43411 | Z10: 7 | AA10: =INDEX(Annual_Sold_CY!$A$3:$A$304,MATCH(Z10,Annual_Sold_CY!$P$3:$P$304,0)) -> CHHATTISGARH | AB10: =INDEX(Annual_Sold_CY!$G$3:$G$304,MATCH(AA10,Annual_Sold_CY!$A$3:$A$304,0)) -> 1849.29 | AC10: =IF(AB$20=0,0,AB10/AB$20*100) -> 3.0589782 | AE10: 7 | AF10: =INDEX(Annual_Sold_CY!$A$3:$A$304,MATCH(AE10,Annual_Sold_CY!$Q$3:$Q$304,0)) -> TAMIL NADU | AG10: =INDEX(Annual_Sold_CY!$H$3:$H$304,MATCH(AF10,Annual_Sold_CY!$A$3:$A$304,0)) -> 840.45 | AH10: =IF(AG$20=0,0,AG10/AG$20*100) -> 4.2912904
A11: 8 | B11: =INDEX(Annual_Sold_CY!$A$3:$A$304,MATCH(A11,Annual_Sold_CY!$K$3:$K$304,0)) -> ADANI POWER - RAIPUR TPP (EX-GMR CHHATTISGARH) | C11: =INDEX(Annual_Sold_CY!$B$3:$B$304,MATCH(B11,Annual_Sold_CY!$A$3:$A$304,0)) -> 2188.37 | D11: =IF(C$20=0,0,C11/C$20*100) -> 3.878276 | F11: 8 | G11: =INDEX(Annual_Sold_CY!$A$3:$A$304,MATCH(F11,Annual_Sold_CY!$L$3:$L$304,0)) -> HIMACHAL PRADESH | H11: =INDEX(Annual_Sold_CY!$C$3:$C$304,MATCH(G11,Annual_Sold_CY!$A$3:$A$304,0)) -> 2502.79 | I11: =IF(H$20=0,0,H11/H$20*100) -> 3.8107369 | K11: 8 | L11: =INDEX(Annual_Sold_CY!$A$3:$A$304,MATCH(K11,Annual_Sold_CY!$M$3:$M$304,0)) -> SEIL ENERGY INDIA (EX-SEMBCORP) | M11: =INDEX(Annual_Sold_CY!$D$3:$D$304,MATCH(L11,Annual_Sold_CY!$A$3:$A$304,0)) -> 1887.2 | N11: =IF(M$20=0,0,M11/M$20*100) -> 3.5082804 | P11: 8 | Q11: =INDEX(Annual_Sold_CY!$A$3:$A$304,MATCH(P11,Annual_Sold_CY!$N$3:$N$304,0)) -> MADHYA PRADESH | R11: =INDEX(Annual_Sold_CY!$E$3:$E$304,MATCH(Q11,Annual_Sold_CY!$A$3:$A$304,0)) -> 1539.32 | S11: =IF(R$20=0,0,R11/R$20*100) -> 2.9110452 | U11: 8 | V11: =INDEX(Annual_Sold_CY!$A$3:$A$304,MATCH(U11,Annual_Sold_CY!$O$3:$O$304,0)) -> JINDAL INDIA THERMAL POWER (JITPL) | W11: =INDEX(Annual_Sold_CY!$F$3:$F$304,MATCH(V11,Annual_Sold_CY!$A$3:$A$304,0)) -> 1677.06 | X11: =IF(W$20=0,0,W11/W$20*100) -> 2.8277851 | Z11: 8 | AA11: =INDEX(Annual_Sold_CY!$A$3:$A$304,MATCH(Z11,Annual_Sold_CY!$P$3:$P$304,0)) -> MADHYA PRADESH | AB11: =INDEX(Annual_Sold_CY!$G$3:$G$304,MATCH(AA11,Annual_Sold_CY!$A$3:$A$304,0)) -> 1762.13 | AC11: =IF(AB$20=0,0,AB11/AB$20*100) -> 2.9148037 | AE11: 8 | AF11: =INDEX(Annual_Sold_CY!$A$3:$A$304,MATCH(AE11,Annual_Sold_CY!$Q$3:$Q$304,0)) -> RAJASTHAN | AG11: =INDEX(Annual_Sold_CY!$H$3:$H$304,MATCH(AF11,Annual_Sold_CY!$A$3:$A$304,0)) -> 714.58 | AH11: =IF(AG$20=0,0,AG11/AG$20*100) -> 3.6486053
A12: 9 | B12: =INDEX(Annual_Sold_CY!$A$3:$A$304,MATCH(A12,Annual_Sold_CY!$K$3:$K$304,0)) -> MADHYA PRADESH | C12: =INDEX(Annual_Sold_CY!$B$3:$B$304,MATCH(B12,Annual_Sold_CY!$A$3:$A$304,0)) -> 1791.95 | D12: =IF(C$20=0,0,C12/C$20*100) -> 3.1757321 | F12: 9 | G12: =INDEX(Annual_Sold_CY!$A$3:$A$304,MATCH(F12,Annual_Sold_CY!$L$3:$L$304,0)) -> BIHAR | H12: =INDEX(Annual_Sold_CY!$C$3:$C$304,MATCH(G12,Annual_Sold_CY!$A$3:$A$304,0)) -> 2442.46 | I12: =IF(H$20=0,0,H12/H$20*100) -> 3.7188787 | K12: 9 | L12: =INDEX(Annual_Sold_CY!$A$3:$A$304,MATCH(K12,Annual_Sold_CY!$M$3:$M$304,0)) -> JINDAL POWER LTD - STAGE 2 | M12: =INDEX(Annual_Sold_CY!$D$3:$D$304,MATCH(L12,Annual_Sold_CY!$A$3:$A$304,0)) -> 1850.72 | N12: =IF(M$20=0,0,M12/M$20*100) -> 3.4404646 | P12: 9 | Q12: =INDEX(Annual_Sold_CY!$A$3:$A$304,MATCH(P12,Annual_Sold_CY!$N$3:$N$304,0)) -> NEPAL (NEA / NVVN) | R12: =INDEX(Annual_Sold_CY!$E$3:$E$304,MATCH(Q12,Annual_Sold_CY!$A$3:$A$304,0)) -> 1525.11 | S12: =IF(R$20=0,0,R12/R$20*100) -> 2.8841724 | U12: 9 | V12: =INDEX(Annual_Sold_CY!$A$3:$A$304,MATCH(U12,Annual_Sold_CY!$O$3:$O$304,0)) -> HIMACHAL PRADESH | W12: =INDEX(Annual_Sold_CY!$F$3:$F$304,MATCH(V12,Annual_Sold_CY!$A$3:$A$304,0)) -> 1674.63 | X12: =IF(W$20=0,0,W12/W$20*100) -> 2.8236877 | Z12: 9 | AA12: =INDEX(Annual_Sold_CY!$A$3:$A$304,MATCH(Z12,Annual_Sold_CY!$P$3:$P$304,0)) -> NTPC STATIONS | AB12: =INDEX(Annual_Sold_CY!$G$3:$G$304,MATCH(AA12,Annual_Sold_CY!$A$3:$A$304,0)) -> 1749.1985 | AC12: =IF(AB$20=0,0,AB12/AB$20*100) -> 2.8934132 | AE12: 9 | AF12: =INDEX(Annual_Sold_CY!$A$3:$A$304,MATCH(AE12,Annual_Sold_CY!$Q$3:$Q$304,0)) -> ADANI POWER - RAIPUR TPP (EX-GMR CHHATTISGARH) | AG12: =INDEX(Annual_Sold_CY!$H$3:$H$304,MATCH(AF12,Annual_Sold_CY!$A$3:$A$304,0)) -> 629.63 | AH12: =IF(AG$20=0,0,AG12/AG$20*100) -> 3.2148554
A13: 10 | B13: =INDEX(Annual_Sold_CY!$A$3:$A$304,MATCH(A13,Annual_Sold_CY!$K$3:$K$304,0)) -> JINDAL POWER LTD - STAGE 1 | C13: =INDEX(Annual_Sold_CY!$B$3:$B$304,MATCH(B13,Annual_Sold_CY!$A$3:$A$304,0)) -> 1749.25 | D13: =IF(C$20=0,0,C13/C$20*100) -> 3.1000582 | F13: 10 | G13: =INDEX(Annual_Sold_CY!$A$3:$A$304,MATCH(F13,Annual_Sold_CY!$L$3:$L$304,0)) -> TELANGANA | H13: =INDEX(Annual_Sold_CY!$C$3:$C$304,MATCH(G13,Annual_Sold_CY!$A$3:$A$304,0)) -> 2269.2 | I13: =IF(H$20=0,0,H13/H$20*100) -> 3.4550738 | K13: 10 | L13: =INDEX(Annual_Sold_CY!$A$3:$A$304,MATCH(K13,Annual_Sold_CY!$M$3:$M$304,0)) -> RAJASTHAN | M13: =INDEX(Annual_Sold_CY!$D$3:$D$304,MATCH(L13,Annual_Sold_CY!$A$3:$A$304,0)) -> 1673.78 | N13: =IF(M$20=0,0,M13/M$20*100) -> 3.1115354 | P13: 10 | Q13: =INDEX(Annual_Sold_CY!$A$3:$A$304,MATCH(P13,Annual_Sold_CY!$N$3:$N$304,0)) -> MAHAN ENERGEN (EX-ESSAR POWER MP) | R13: =INDEX(Annual_Sold_CY!$E$3:$E$304,MATCH(Q13,Annual_Sold_CY!$A$3:$A$304,0)) -> 1492.1 | S13: =IF(R$20=0,0,R13/R$20*100) -> 2.8217464 | U13: 10 | V13: =INDEX(Annual_Sold_CY!$A$3:$A$304,MATCH(U13,Annual_Sold_CY!$O$3:$O$304,0)) -> ADANI POWER - RAIGARH TPP (EX-REGL) | W13: =INDEX(Annual_Sold_CY!$F$3:$F$304,MATCH(V13,Annual_Sold_CY!$A$3:$A$304,0)) -> 1585.3 | X13: =IF(W$20=0,0,W13/W$20*100) -> 2.6730634 | Z13: 10 | AA13: =INDEX(Annual_Sold_CY!$A$3:$A$304,MATCH(Z13,Annual_Sold_CY!$P$3:$P$304,0)) -> ADANI POWER - RAIPUR TPP (EX-GMR CHHATTISGARH) | AB13: =INDEX(Annual_Sold_CY!$G$3:$G$304,MATCH(AA13,Annual_Sold_CY!$A$3:$A$304,0)) -> 1708.05 | AC13: =IF(AB$20=0,0,AB13/AB$20*100) -> 2.825348 | AE13: 10 | AF13: =INDEX(Annual_Sold_CY!$A$3:$A$304,MATCH(AE13,Annual_Sold_CY!$Q$3:$Q$304,0)) -> TELANGANA | AG13: =INDEX(Annual_Sold_CY!$H$3:$H$304,MATCH(AF13,Annual_Sold_CY!$A$3:$A$304,0)) -> 557.58 | AH13: =IF(AG$20=0,0,AG13/AG$20*100) -> 2.8469721
A14: 11 | B14: =INDEX(Annual_Sold_CY!$A$3:$A$304,MATCH(A14,Annual_Sold_CY!$K$3:$K$304,0)) -> CHHATTISGARH | C14: =INDEX(Annual_Sold_CY!$B$3:$B$304,MATCH(B14,Annual_Sold_CY!$A$3:$A$304,0)) -> 1629.91 | D14: =IF(C$20=0,0,C14/C$20*100) -> 2.8885613 | F14: 11 | G14: =INDEX(Annual_Sold_CY!$A$3:$A$304,MATCH(F14,Annual_Sold_CY!$L$3:$L$304,0)) -> RAJASTHAN | H14: =INDEX(Annual_Sold_CY!$C$3:$C$304,MATCH(G14,Annual_Sold_CY!$A$3:$A$304,0)) -> 2219.48 | I14: =IF(H$20=0,0,H14/H$20*100) -> 3.3793703 | K14: 11 | L14: =INDEX(Annual_Sold_CY!$A$3:$A$304,MATCH(K14,Annual_Sold_CY!$M$3:$M$304,0)) -> NEPAL (NEA / NVVN) | M14: =INDEX(Annual_Sold_CY!$D$3:$D$304,MATCH(L14,Annual_Sold_CY!$A$3:$A$304,0)) -> 1357.76 | N14: =IF(M$20=0,0,M14/M$20*100) -> 2.5240583 | P14: 11 | Q14: =INDEX(Annual_Sold_CY!$A$3:$A$304,MATCH(P14,Annual_Sold_CY!$N$3:$N$304,0)) -> JINDAL INDIA THERMAL POWER (JITPL) | R14: =INDEX(Annual_Sold_CY!$E$3:$E$304,MATCH(Q14,Annual_Sold_CY!$A$3:$A$304,0)) -> 1395.67 | S14: =IF(R$20=0,0,R14/R$20*100) -> 2.6393853 | U14: 11 | V14: =INDEX(Annual_Sold_CY!$A$3:$A$304,MATCH(U14,Annual_Sold_CY!$O$3:$O$304,0)) -> NTPC STATIONS | W14: =INDEX(Annual_Sold_CY!$F$3:$F$304,MATCH(V14,Annual_Sold_CY!$A$3:$A$304,0)) -> 1557.9108 | X14: =IF(W$20=0,0,W14/W$20*100) -> 2.6268809 | Z14: 11 | AA14: =INDEX(Annual_Sold_CY!$A$3:$A$304,MATCH(Z14,Annual_Sold_CY!$P$3:$P$304,0)) -> RAJASTHAN | AB14: =INDEX(Annual_Sold_CY!$G$3:$G$304,MATCH(AA14,Annual_Sold_CY!$A$3:$A$304,0)) -> 1626.83 | AC14: =IF(AB$20=0,0,AB14/AB$20*100) -> 2.690999 | AE14: 11 | AF14: =INDEX(Annual_Sold_CY!$A$3:$A$304,MATCH(AE14,Annual_Sold_CY!$Q$3:$Q$304,0)) -> JINDAL POWER LTD - STAGE 1 | AG14: =INDEX(Annual_Sold_CY!$H$3:$H$304,MATCH(AF14,Annual_Sold_CY!$A$3:$A$304,0)) -> 444.69 | AH14: =IF(AG$20=0,0,AG14/AG$20*100) -> 2.2705621
A15: 12 | B15: =INDEX(Annual_Sold_CY!$A$3:$A$304,MATCH(A15,Annual_Sold_CY!$K$3:$K$304,0)) -> JAMMU & KASHMIR | C15: =INDEX(Annual_Sold_CY!$B$3:$B$304,MATCH(B15,Annual_Sold_CY!$A$3:$A$304,0)) -> 1545.64 | D15: =IF(C$20=0,0,C15/C$20*100) -> 2.7392162 | F15: 12 | G15: =INDEX(Annual_Sold_CY!$A$3:$A$304,MATCH(F15,Annual_Sold_CY!$L$3:$L$304,0)) -> JINDAL POWER LTD - STAGE 1 | H15: =INDEX(Annual_Sold_CY!$C$3:$C$304,MATCH(G15,Annual_Sold_CY!$A$3:$A$304,0)) -> 2137.03 | I15: =IF(H$20=0,0,H15/H$20*100) -> 3.2538323 | K15: 12 | L15: =INDEX(Annual_Sold_CY!$A$3:$A$304,MATCH(K15,Annual_Sold_CY!$M$3:$M$304,0)) -> JINDAL INDIA THERMAL POWER (JITPL) | M15: =INDEX(Annual_Sold_CY!$D$3:$D$304,MATCH(L15,Annual_Sold_CY!$A$3:$A$304,0)) -> 1325.92 | N15: =IF(M$20=0,0,M15/M$20*100) -> 2.4648682 | P15: 12 | Q15: =INDEX(Annual_Sold_CY!$A$3:$A$304,MATCH(P15,Annual_Sold_CY!$N$3:$N$304,0)) -> WEST BENGAL | R15: =INDEX(Annual_Sold_CY!$E$3:$E$304,MATCH(Q15,Annual_Sold_CY!$A$3:$A$304,0)) -> 1327 | S15: =IF(R$20=0,0,R15/R$20*100) -> 2.5095218 | U15: 12 | V15: =INDEX(Annual_Sold_CY!$A$3:$A$304,MATCH(U15,Annual_Sold_CY!$O$3:$O$304,0)) -> HARYANA | W15: =INDEX(Annual_Sold_CY!$F$3:$F$304,MATCH(V15,Annual_Sold_CY!$A$3:$A$304,0)) -> 1545.44 | X15: =IF(W$20=0,0,W15/W$20*100) -> 2.6058532 | Z15: 12 | AA15: =INDEX(Annual_Sold_CY!$A$3:$A$304,MATCH(Z15,Annual_Sold_CY!$P$3:$P$304,0)) -> JINDAL POWER LTD - STAGE 1 | AB15: =INDEX(Annual_Sold_CY!$G$3:$G$304,MATCH(AA15,Annual_Sold_CY!$A$3:$A$304,0)) -> 1513.84 | AC15: =IF(AB$20=0,0,AB15/AB$20*100) -> 2.5040981 | AE15: 12 | AF15: =INDEX(Annual_Sold_CY!$A$3:$A$304,MATCH(AE15,Annual_Sold_CY!$Q$3:$Q$304,0)) -> HARYANA | AG15: =INDEX(Annual_Sold_CY!$H$3:$H$304,MATCH(AF15,Annual_Sold_CY!$A$3:$A$304,0)) -> 433.67 | AH15: =IF(AG$20=0,0,AG15/AG$20*100) -> 2.2142946
... A18: 15 | B18: =INDEX(Annual_Sold_CY!$A$3:$A$304,MATCH(A18,Annual_Sold_CY!$K$3:$K$304,0)) -> DB POWER | C18: =INDEX(Annual_Sold_CY!$B$3:$B$304,MATCH(B18,Annual_Sold_CY!$A$3:$A$304,0)) -> 1205.81 | D18: =IF(C$20=0,0,C18/C$20*100) -> 2.1369622 | F18: 15 | G18: =INDEX(Annual_Sold_CY!$A$3:$A$304,MATCH(F18,Annual_Sold_CY!$L$3:$L$304,0)) -> JINDAL INDIA THERMAL POWER (JITPL) | H18: =INDEX(Annual_Sold_CY!$C$3:$C$304,MATCH(G18,Annual_Sold_CY!$A$3:$A$304,0)) -> 1442.97 | I18: =IF(H$20=0,0,H18/H$20*100) -> 2.1970597 | K18: 15 | L18: =INDEX(Annual_Sold_CY!$A$3:$A$304,MATCH(K18,Annual_Sold_CY!$M$3:$M$304,0)) -> TEESTA URJA (TEESTA-III HEP) | M18: =INDEX(Annual_Sold_CY!$D$3:$D$304,MATCH(L18,Annual_Sold_CY!$A$3:$A$304,0)) -> 1236.15 | N18: =IF(M$20=0,0,M18/M$20*100) -> 2.2979869 | P18: 15 | Q18: =INDEX(Annual_Sold_CY!$A$3:$A$304,MATCH(P18,Annual_Sold_CY!$N$3:$N$304,0)) -> HARYANA | R18: =INDEX(Annual_Sold_CY!$E$3:$E$304,MATCH(Q18,Annual_Sold_CY!$A$3:$A$304,0)) -> 1217.94 | S18: =IF(R$20=0,0,R18/R$20*100) -> 2.3032758 | U18: 15 | V18: =INDEX(Annual_Sold_CY!$A$3:$A$304,MATCH(U18,Annual_Sold_CY!$O$3:$O$304,0)) -> DELHI | W18: =INDEX(Annual_Sold_CY!$F$3:$F$304,MATCH(V18,Annual_Sold_CY!$A$3:$A$304,0)) -> 1461.56 | X18: =IF(W$20=0,0,W18/W$20*100) -> 2.4644184 | Z18: 15 | AA18: =INDEX(Annual_Sold_CY!$A$3:$A$304,MATCH(Z18,Annual_Sold_CY!$P$3:$P$304,0)) -> JAYPEE NIGRIE STPP | AB18: =INDEX(Annual_Sold_CY!$G$3:$G$304,MATCH(AA18,Annual_Sold_CY!$A$3:$A$304,0)) -> 1338.69 | AC18: =IF(AB$20=0,0,AB18/AB$20*100) -> 2.2143761 | AE18: 15 | AF18: =INDEX(Annual_Sold_CY!$A$3:$A$304,MATCH(AE18,Annual_Sold_CY!$Q$3:$Q$304,0)) -> MADHYA PRADESH | AG18: =INDEX(Annual_Sold_CY!$H$3:$H$304,MATCH(AF18,Annual_Sold_CY!$A$3:$A$304,0)) -> 383.95 | AH18: =IF(AG$20=0,0,AG18/AG$20*100) -> 1.9604271
B19: ="OTHERS ("&(COUNTIF(Annual_Sold_CY!$B$3:$B$304,">0")-15)&" players)" -> OTHERS (66 players) | C19: =C20-SUM(C4:C18) -> 20028.12 | D19: =IF(C20=0,0,C19/C20*100) -> 35.494262 | G19: ="OTHERS ("&(COUNTIF(Annual_Sold_CY!$C$3:$C$304,">0")-15)&" players)" -> OTHERS (82 players) | H19: =H20-SUM(H4:H18) -> 21413.904 | I19: =IF(H20=0,0,H19/H20*100) -> 32.604715 | L19: ="OTHERS ("&(COUNTIF(Annual_Sold_CY!$D$3:$D$304,">0")-15)&" players)" -> OTHERS (86 players) | M19: =M20-SUM(M4:M18) -> 17811.135 | N19: =IF(M20=0,0,M19/M20*100) -> 33.11067 | Q19: ="OTHERS ("&(COUNTIF(Annual_Sold_CY!$E$3:$E$304,">0")-15)&" players)" -> OTHERS (82 players) | R19: =R20-SUM(R4:R18) -> 19399.961 | S19: =IF(R20=0,0,R19/R20*100) -> 36.687735 | V19: ="OTHERS ("&(COUNTIF(Annual_Sold_CY!$F$3:$F$304,">0")-15)&" players)" -> OTHERS (168 players) | W19: =W20-SUM(W4:W18) -> 24999.606 | X19: =IF(W20=0,0,W19/W20*100) -> 42.153241 | AA19: ="OTHERS ("&(COUNTIF(Annual_Sold_CY!$G$3:$G$304,">0")-15)&" players)" -> OTHERS (164 players) | AB19: =AB20-SUM(AB4:AB18) -> 29088.992 | AC19: =IF(AB20=0,0,AB19/AB20*100) -> 48.117165 | AF19: ="OTHERS ("&(COUNTIF(Annual_Sold_CY!$H$3:$H$304,">0")-15)&" players)" -> OTHERS (148 players) | AG19: =AG20-SUM(AG4:AG18) -> 8299.448 | AH19: =IF(AG20=0,0,AG19/AG20*100) -> 42.376515
B20: TOTAL | C20: =Annual_Sold_CY!B305 -> 56426.36 | D20: =IF(C20=0,0,SUM(D4:D19)) -> 100 | G20: TOTAL | H20: =Annual_Sold_CY!C305 -> 65677.324 | I20: =IF(H20=0,0,SUM(I4:I19)) -> 100 | L20: TOTAL | M20: =Annual_Sold_CY!D305 -> 53792.735 | N20: =IF(M20=0,0,SUM(N4:N19)) -> 100 | Q20: TOTAL | R20: =Annual_Sold_CY!E305 -> 52878.601 | S20: =IF(R20=0,0,SUM(S4:S19)) -> 100 | V20: TOTAL | W20: =Annual_Sold_CY!F305 -> 59306.487 | X20: =IF(W20=0,0,SUM(X4:X19)) -> 100 | AA20: TOTAL | AB20: =Annual_Sold_CY!G305 -> 60454.5 | AC20: =IF(AB20=0,0,SUM(AC4:AC19)) -> 100 | AF20: TOTAL | AG20: =Annual_Sold_CY!H305 -> 19585.018 | AH20: =IF(AG20=0,0,SUM(AH4:AH19)) -> 100

Sheet AnnualGroup_Sold_CY
A1: SOLD in DAM by group and CY (MU). Formulas: SUMIFS over Monthly_Sold. | H1: 2026-01 to 2026-03 only
A2: Group | B2: 2020 | C2: 2021 | D2: 2022 | E2: 2023 | F2: 2024 | G2: 2025 | H2: 2026 | I2: TOTAL | J2: Rank (TOTAL) | K2: Rank 2020 | L2: Rank 2021 | M2: Rank 2022 | N2: Rank 2023 | O2: Rank 2024 | P2: Rank 2025 | Q2: Rank 2026
A3: 2X600 VEDANTA LIMITED CHHATTISGARH POWER PLANT | B3: =ROUND(SUMIFS(Monthly_Sold!$H$2:$H$7864,Monthly_Sold!$G$2:$G$7864,$A3,Monthly_Sold!$B$2:$B$7864,B$2),4) -> 0 | C3: =ROUND(SUMIFS(Monthly_Sold!$H$2:$H$7864,Monthly_Sold!$G$2:$G$7864,$A3,Monthly_Sold!$B$2:$B$7864,C$2),4) -> 0 | D3: =ROUND(SUMIFS(Monthly_Sold!$H$2:$H$7864,Monthly_Sold!$G$2:$G$7864,$A3,Monthly_Sold!$B$2:$B$7864,D$2),4) -> 0 | E3: =ROUND(SUMIFS(Monthly_Sold!$H$2:$H$7864,Monthly_Sold!$G$2:$G$7864,$A3,Monthly_Sold!$B$2:$B$7864,E$2),4) -> 0 | F3: =ROUND(SUMIFS(Monthly_Sold!$H$2:$H$7864,Monthly_Sold!$G$2:$G$7864,$A3,Monthly_Sold!$B$2:$B$7864,F$2),4) -> 0 | G3: =ROUND(SUMIFS(Monthly_Sold!$H$2:$H$7864,Monthly_Sold!$G$2:$G$7864,$A3,Monthly_Sold!$B$2:$B$7864,G$2),4) -> 66.58 | H3: =ROUND(SUMIFS(Monthly_Sold!$H$2:$H$7864,Monthly_Sold!$G$2:$G$7864,$A3,Monthly_Sold!$B$2:$B$7864,H$2),4) -> 25.45 | I3: =ROUND(SUM(B3:H3),4) -> 92.03 | J3: =RANK(I3,$I$3:$I$182,0)+COUNTIF($I$3:I3,I3)-1 -> 89 | K3: =RANK(B3,$B$3:$B$182,0)+COUNTIF($B$3:B3,B3)-1 -> 76 | L3: =RANK(C3,$C$3:$C$182,0)+COUNTIF($C$3:C3,C3)-1 -> 91 | M3: =RANK(D3,$D$3:$D$182,0)+COUNTIF($D$3:D3,D3)-1 -> 91 | N3: =RANK(E3,$E$3:$E$182,0)+COUNTIF($E$3:E3,E3)-1 -> 90 | O3: =RANK(F3,$F$3:$F$182,0)+COUNTIF($F$3:F3,F3)-1 -> 117 | P3: =RANK(G3,$G$3:$G$182,0)+COUNTIF($G$3:G3,G3)-1 -> 61 | Q3: =RANK(H3,$H$3:$H$182,0)+COUNTIF($H$3:H3,H3)-1 -> 56
A4: ACB (INDIA) | B4: =ROUND(SUMIFS(Monthly_Sold!$H$2:$H$7864,Monthly_Sold!$G$2:$G$7864,$A4,Monthly_Sold!$B$2:$B$7864,B$2),4) -> 316.17 | C4: =ROUND(SUMIFS(Monthly_Sold!$H$2:$H$7864,Monthly_Sold!$G$2:$G$7864,$A4,Monthly_Sold!$B$2:$B$7864,C$2),4) -> 413.39 | D4: =ROUND(SUMIFS(Monthly_Sold!$H$2:$H$7864,Monthly_Sold!$G$2:$G$7864,$A4,Monthly_Sold!$B$2:$B$7864,D$2),4) -> 751.69 | E4: =ROUND(SUMIFS(Monthly_Sold!$H$2:$H$7864,Monthly_Sold!$G$2:$G$7864,$A4,Monthly_Sold!$B$2:$B$7864,E$2),4) -> 496.83 | F4: =ROUND(SUMIFS(Monthly_Sold!$H$2:$H$7864,Monthly_Sold!$G$2:$G$7864,$A4,Monthly_Sold!$B$2:$B$7864,F$2),4) -> 550.96 | G4: =ROUND(SUMIFS(Monthly_Sold!$H$2:$H$7864,Monthly_Sold!$G$2:$G$7864,$A4,Monthly_Sold!$B$2:$B$7864,G$2),4) -> 315.97 | H4: =ROUND(SUMIFS(Monthly_Sold!$H$2:$H$7864,Monthly_Sold!$G$2:$G$7864,$A4,Monthly_Sold!$B$2:$B$7864,H$2),4) -> 99.01 | I4: =ROUND(SUM(B4:H4),4) -> 2944.02 | J4: =RANK(I4,$I$3:$I$182,0)+COUNTIF($I$3:I4,I4)-1 -> 29 | K4: =RANK(B4,$B$3:$B$182,0)+COUNTIF($B$3:B4,B4)-1 -> 42 | L4: =RANK(C4,$C$3:$C$182,0)+COUNTIF($C$3:C4,C4)-1 -> 30 | M4: =RANK(D4,$D$3:$D$182,0)+COUNTIF($D$3:D4,D4)-1 -> 20 | N4: =RANK(E4,$E$3:$E$182,0)+COUNTIF($E$3:E4,E4)-1 -> 29 | O4: =RANK(F4,$F$3:$F$182,0)+COUNTIF($F$3:F4,F4)-1 -> 28 | P4: =RANK(G4,$G$3:$G$182,0)+COUNTIF($G$3:G4,G4)-1 -> 37 | Q4: =RANK(H4,$H$3:$H$182,0)+COUNTIF($H$3:H4,H4)-1 -> 35
A5: ACME | B5: =ROUND(SUMIFS(Monthly_Sold!$H$2:$H$7864,Monthly_Sold!$G$2:$G$7864,$A5,Monthly_Sold!$B$2:$B$7864,B$2),4) -> 0 | C5: =ROUND(SUMIFS(Monthly_Sold!$H$2:$H$7864,Monthly_Sold!$G$2:$G$7864,$A5,Monthly_Sold!$B$2:$B$7864,C$2),4) -> 0 | D5: =ROUND(SUMIFS(Monthly_Sold!$H$2:$H$7864,Monthly_Sold!$G$2:$G$7864,$A5,Monthly_Sold!$B$2:$B$7864,D$2),4) -> 0 | E5: =ROUND(SUMIFS(Monthly_Sold!$H$2:$H$7864,Monthly_Sold!$G$2:$G$7864,$A5,Monthly_Sold!$B$2:$B$7864,E$2),4) -> 0 | F5: =ROUND(SUMIFS(Monthly_Sold!$H$2:$H$7864,Monthly_Sold!$G$2:$G$7864,$A5,Monthly_Sold!$B$2:$B$7864,F$2),4) -> 0 | G5: =ROUND(SUMIFS(Monthly_Sold!$H$2:$H$7864,Monthly_Sold!$G$2:$G$7864,$A5,Monthly_Sold!$B$2:$B$7864,G$2),4) -> 0 | H5: =ROUND(SUMIFS(Monthly_Sold!$H$2:$H$7864,Monthly_Sold!$G$2:$G$7864,$A5,Monthly_Sold!$B$2:$B$7864,H$2),4) -> 0.11 | I5: =ROUND(SUM(B5:H5),4) -> 0.11 | J5: =RANK(I5,$I$3:$I$182,0)+COUNTIF($I$3:I5,I5)-1 -> 170 | K5: =RANK(B5,$B$3:$B$182,0)+COUNTIF($B$3:B5,B5)-1 -> 77 | L5: =RANK(C5,$C$3:$C$182,0)+COUNTIF($C$3:C5,C5)-1 -> 92 | M5: =RANK(D5,$D$3:$D$182,0)+COUNTIF($D$3:D5,D5)-1 -> 92 | N5: =RANK(E5,$E$3:$E$182,0)+COUNTIF($E$3:E5,E5)-1 -> 91 | O5: =RANK(F5,$F$3:$F$182,0)+COUNTIF($F$3:F5,F5)-1 -> 118 | P5: =RANK(G5,$G$3:$G$182,0)+COUNTIF($G$3:G5,G5)-1 -> 111 | Q5: =RANK(H5,$H$3:$H$182,0)+COUNTIF($H$3:H5,H5)-1 -> 88
A6: AD HYDRO POWER | B6: =ROUND(SUMIFS(Monthly_Sold!$H$2:$H$7864,Monthly_Sold!$G$2:$G$7864,$A6,Monthly_Sold!$B$2:$B$7864,B$2),4) -> 462.43 | C6: =ROUND(SUMIFS(Monthly_Sold!$H$2:$H$7864,Monthly_Sold!$G$2:$G$7864,$A6,Monthly_Sold!$B$2:$B$7864,C$2),4) -> 315.93 | D6: =ROUND(SUMIFS(Monthly_Sold!$H$2:$H$7864,Monthly_Sold!$G$2:$G$7864,$A6,Monthly_Sold!$B$2:$B$7864,D$2),4) -> 213.26 | E6: =ROUND(SUMIFS(Monthly_Sold!$H$2:$H$7864,Monthly_Sold!$G$2:$G$7864,$A6,Monthly_Sold!$B$2:$B$7864,E$2),4) -> 261.13 | F6: =ROUND(SUMIFS(Monthly_Sold!$H$2:$H$7864,Monthly_Sold!$G$2:$G$7864,$A6,Monthly_Sold!$B$2:$B$7864,F$2),4) -> 510.49 | G6: =ROUND(SUMIFS(Monthly_Sold!$H$2:$H$7864,Monthly_Sold!$G$2:$G$7864,$A6,Monthly_Sold!$B$2:$B$7864,G$2),4) -> 527.17 | H6: =ROUND(SUMIFS(Monthly_Sold!$H$2:$H$7864,Monthly_Sold!$G$2:$G$7864,$A6,Monthly_Sold!$B$2:$B$7864,H$2),4) -> 39.82 | I6: =ROUND(SUM(B6:H6),4) -> 2330.23 | J6: =RANK(I6,$I$3:$I$182,0)+COUNTIF($I$3:I6,I6)-1 -> 35 | K6: =RANK(B6,$B$3:$B$182,0)+COUNTIF($B$3:B6,B6)-1 -> 27 | L6: =RANK(C6,$C$3:$C$182,0)+COUNTIF($C$3:C6,C6)-1 -> 35 | M6: =RANK(D6,$D$3:$D$182,0)+COUNTIF($D$3:D6,D6)-1 -> 37 | N6: =RANK(E6,$E$3:$E$182,0)+COUNTIF($E$3:E6,E6)-1 -> 36 | O6: =RANK(F6,$F$3:$F$182,0)+COUNTIF($F$3:F6,F6)-1 -> 30 | P6: =RANK(G6,$G$3:$G$182,0)+COUNTIF($G$3:G6,G6)-1 -> 28 | Q6: =RANK(H6,$H$3:$H$182,0)+COUNTIF($H$3:H6,H6)-1 -> 48
A7: ADANI GREEN ENERGY (ALL SPVs) | B7: =ROUND(SUMIFS(Monthly_Sold!$H$2:$H$7864,Monthly_Sold!$G$2:$G$7864,$A7,Monthly_Sold!$B$2:$B$7864,B$2),4) -> 28.52 | C7: =ROUND(SUMIFS(Monthly_Sold!$H$2:$H$7864,Monthly_Sold!$G$2:$G$7864,$A7,Monthly_Sold!$B$2:$B$7864,C$2),4) -> 8.03 | D7: =ROUND(SUMIFS(Monthly_Sold!$H$2:$H$7864,Monthly_Sold!$G$2:$G$7864,$A7,Monthly_Sold!$B$2:$B$7864,D$2),4) -> 93.11 | E7: =ROUND(SUMIFS(Monthly_Sold!$H$2:$H$7864,Monthly_Sold!$G$2:$G$7864,$A7,Monthly_Sold!$B$2:$B$7864,E$2),4) -> 309.64 | F7: =ROUND(SUMIFS(Monthly_Sold!$H$2:$H$7864,Monthly_Sold!$G$2:$G$7864,$A7,Monthly_Sold!$B$2:$B$7864,F$2),4) -> 1952.1 | G7: =ROUND(SUMIFS(Monthly_Sold!$H$2:$H$7864,Monthly_Sold!$G$2:$G$7864,$A7,Monthly_Sold!$B$2:$B$7864,G$2),4) -> 7099.59 | H7: =ROUND(SUMIFS(Monthly_Sold!$H$2:$H$7864,Monthly_Sold!$G$2:$G$7864,$A7,Monthly_Sold!$B$2:$B$7864,H$2),4) -> 2687.94 | I7: =ROUND(SUM(B7:H7),4) -> 12178.93 | J7: =RANK(I7,$I$3:$I$182,0)+COUNTIF($I$3:I7,I7)-1 -> 8 | K7: =RANK(B7,$B$3:$B$182,0)+COUNTIF($B$3:B7,B7)-1 -> 65 | L7: =RANK(C7,$C$3:$C$182,0)+COUNTIF($C$3:C7,C7)-1 -> 72 | M7: =RANK(D7,$D$3:$D$182,0)+COUNTIF($D$3:D7,D7)-1 -> 53 | N7: =RANK(E7,$E$3:$E$182,0)+COUNTIF($E$3:E7,E7)-1 -> 34 | O7: =RANK(F7,$F$3:$F$182,0)+COUNTIF($F$3:F7,F7)-1 -> 8 | P7: =RANK(G7,$G$3:$G$182,0)+COUNTIF($G$3:G7,G7)-1 -> 1 | Q7: =RANK(H7,$H$3:$H$182,0)+COUNTIF($H$3:H7,H7)-1 -> 1
A8: ADANI PORTS & SEZ | B8: =ROUND(SUMIFS(Monthly_Sold!$H$2:$H$7864,Monthly_Sold!$G$2:$G$7864,$A8,Monthly_Sold!$B$2:$B$7864,B$2),4) -> 0 | C8: =ROUND(SUMIFS(Monthly_Sold!$H$2:$H$7864,Monthly_Sold!$G$2:$G$7864,$A8,Monthly_Sold!$B$2:$B$7864,C$2),4) -> 0 | D8: =ROUND(SUMIFS(Monthly_Sold!$H$2:$H$7864,Monthly_Sold!$G$2:$G$7864,$A8,Monthly_Sold!$B$2:$B$7864,D$2),4) -> 0 | E8: =ROUND(SUMIFS(Monthly_Sold!$H$2:$H$7864,Monthly_Sold!$G$2:$G$7864,$A8,Monthly_Sold!$B$2:$B$7864,E$2),4) -> 0 | F8: =ROUND(SUMIFS(Monthly_Sold!$H$2:$H$7864,Monthly_Sold!$G$2:$G$7864,$A8,Monthly_Sold!$B$2:$B$7864,F$2),4) -> 0 | G8: =ROUND(SUMIFS(Monthly_Sold!$H$2:$H$7864,Monthly_Sold!$G$2:$G$7864,$A8,Monthly_Sold!$B$2:$B$7864,G$2),4) -> 61.63 | H8: =ROUND(SUMIFS(Monthly_Sold!$H$2:$H$7864,Monthly_Sold!$G$2:$G$7864,$A8,Monthly_Sold!$B$2:$B$7864,H$2),4) -> 37.42 | I8: =ROUND(SUM(B8:H8),4) -> 99.05 | J8: =RANK(I8,$I$3:$I$182,0)+COUNTIF($I$3:I8,I8)-1 -> 85 | K8: =RANK(B8,$B$3:$B$182,0)+COUNTIF($B$3:B8,B8)-1 -> 78 | L8: =RANK(C8,$C$3:$C$182,0)+COUNTIF($C$3:C8,C8)-1 -> 93 | M8: =RANK(D8,$D$3:$D$182,0)+COUNTIF($D$3:D8,D8)-1 -> 93 | N8: =RANK(E8,$E$3:$E$182,0)+COUNTIF($E$3:E8,E8)-1 -> 92 | O8: =RANK(F8,$F$3:$F$182,0)+COUNTIF($F$3:F8,F8)-1 -> 119 | P8: =RANK(G8,$G$3:$G$182,0)+COUNTIF($G$3:G8,G8)-1 -> 64 | Q8: =RANK(H8,$H$3:$H$182,0)+COUNTIF($H$3:H8,H8)-1 -> 50
A9: ADANI POWER (ALL PLANTS) | B9: =ROUND(SUMIFS(Monthly_Sold!$H$2:$H$7864,Monthly_Sold!$G$2:$G$7864,$A9,Monthly_Sold!$B$2:$B$7864,B$2),4) -> 4099.71 | C9: =ROUND(SUMIFS(Monthly_Sold!$H$2:$H$7864,Monthly_Sold!$G$2:$G$7864,$A9,Monthly_Sold!$B$2:$B$7864,C$2),4) -> 2359.04 | D9: =ROUND(SUMIFS(Monthly_Sold!$H$2:$H$7864,Monthly_Sold!$G$2:$G$7864,$A9,Monthly_Sold!$B$2:$B$7864,D$2),4) -> 2182.7 | E9: =ROUND(SUMIFS(Monthly_Sold!$H$2:$H$7864,Monthly_Sold!$G$2:$G$7864,$A9,Monthly_Sold!$B$2:$B$7864,E$2),4) -> 3794.07 | F9: =ROUND(SUMIFS(Monthly_Sold!$H$2:$H$7864,Monthly_Sold!$G$2:$G$7864,$A9,Monthly_Sold!$B$2:$B$7864,F$2),4) -> 7256.91 | G9: =ROUND(SUMIFS(Monthly_Sold!$H$2:$H$7864,Monthly_Sold!$G$2:$G$7864,$A9,Monthly_Sold!$B$2:$B$7864,G$2),4) -> 4918.98 | H9: =ROUND(SUMIFS(Monthly_Sold!$H$2:$H$7864,Monthly_Sold!$G$2:$G$7864,$A9,Monthly_Sold!$B$2:$B$7864,H$2),4) -> 1200.29 | I9: =ROUND(SUM(B9:H9),4) -> 25811.7 | J9: =RANK(I9,$I$3:$I$182,0)+COUNTIF($I$3:I9,I9)-1 -> 2 | K9: =RANK(B9,$B$3:$B$182,0)+COUNTIF($B$3:B9,B9)-1 -> 3 | L9: =RANK(C9,$C$3:$C$182,0)+COUNTIF($C$3:C9,C9)-1 -> 11 | M9: =RANK(D9,$D$3:$D$182,0)+COUNTIF($D$3:D9,D9)-1 -> 8 | N9: =RANK(E9,$E$3:$E$182,0)+COUNTIF($E$3:E9,E9)-1 -> 3 | O9: =RANK(F9,$F$3:$F$182,0)+COUNTIF($F$3:F9,F9)-1 -> 1 | P9: =RANK(G9,$G$3:$G$182,0)+COUNTIF($G$3:G9,G9)-1 -> 3 | Q9: =RANK(H9,$H$3:$H$182,0)+COUNTIF($H$3:H9,H9)-1 -> 5
A10: ADANIHB_SLR | B10: =ROUND(SUMIFS(Monthly_Sold!$H$2:$H$7864,Monthly_Sold!$G$2:$G$7864,$A10,Monthly_Sold!$B$2:$B$7864,B$2),4) -> 0 | C10: =ROUND(SUMIFS(Monthly_Sold!$H$2:$H$7864,Monthly_Sold!$G$2:$G$7864,$A10,Monthly_Sold!$B$2:$B$7864,C$2),4) -> 11.67 | D10: =ROUND(SUMIFS(Monthly_Sold!$H$2:$H$7864,Monthly_Sold!$G$2:$G$7864,$A10,Monthly_Sold!$B$2:$B$7864,D$2),4) -> 10.76 | E10: =ROUND(SUMIFS(Monthly_Sold!$H$2:$H$7864,Monthly_Sold!$G$2:$G$7864,$A10,Monthly_Sold!$B$2:$B$7864,E$2),4) -> 0 | F10: =ROUND(SUMIFS(Monthly_Sold!$H$2:$H$7864,Monthly_Sold!$G$2:$G$7864,$A10,Monthly_Sold!$B$2:$B$7864,F$2),4) -> 0 | G10: =ROUND(SUMIFS(Monthly_Sold!$H$2:$H$7864,Monthly_Sold!$G$2:$G$7864,$A10,Monthly_Sold!$B$2:$B$7864,G$2),4) -> 0 | H10: =ROUND(SUMIFS(Monthly_Sold!$H$2:$H$7864,Monthly_Sold!$G$2:$G$7864,$A10,Monthly_Sold!$B$2:$B$7864,H$2),4) -> 0 | I10: =ROUND(SUM(B10:H10),4) -> 22.43 | J10: =RANK(I10,$I$3:$I$182,0)+COUNTIF($I$3:I10,I10)-1 -> 114 | K10: =RANK(B10,$B$3:$B$182,0)+COUNTIF($B$3:B10,B10)-1 -> 79 | L10: =RANK(C10,$C$3:$C$182,0)+COUNTIF($C$3:C10,C10)-1 -> 69 | M10: =RANK(D10,$D$3:$D$182,0)+COUNTIF($D$3:D10,D10)-1 -> 75 | N10: =RANK(E10,$E$3:$E$182,0)+COUNTIF($E$3:E10,E10)-1 -> 93 | O10: =RANK(F10,$F$3:$F$182,0)+COUNTIF($F$3:F10,F10)-1 -> 120 | P10: =RANK(G10,$G$3:$G$182,0)+COUNTIF($G$3:G10,G10)-1 -> 112 | Q10: =RANK(H10,$H$3:$H$182,0)+COUNTIF($H$3:H10,H10)-1 -> 93
A11: ADANIHB_WIND | B11: =ROUND(SUMIFS(Monthly_Sold!$H$2:$H$7864,Monthly_Sold!$G$2:$G$7864,$A11,Monthly_Sold!$B$2:$B$7864,B$2),4) -> 0 | C11: =ROUND(SUMIFS(Monthly_Sold!$H$2:$H$7864,Monthly_Sold!$G$2:$G$7864,$A11,Monthly_Sold!$B$2:$B$7864,C$2),4) -> 0.68 | D11: =ROUND(SUMIFS(Monthly_Sold!$H$2:$H$7864,Monthly_Sold!$G$2:$G$7864,$A11,Monthly_Sold!$B$2:$B$7864,D$2),4) -> 0 | E11: =ROUND(SUMIFS(Monthly_Sold!$H$2:$H$7864,Monthly_Sold!$G$2:$G$7864,$A11,Monthly_Sold!$B$2:$B$7864,E$2),4) -> 0 | F11: =ROUND(SUMIFS(Monthly_Sold!$H$2:$H$7864,Monthly_Sold!$G$2:$G$7864,$A11,Monthly_Sold!$B$2:$B$7864,F$2),4) -> 0 | G11: =ROUND(SUMIFS(Monthly_Sold!$H$2:$H$7864,Monthly_Sold!$G$2:$G$7864,$A11,Monthly_Sold!$B$2:$B$7864,G$2),4) -> 0 | H11: =ROUND(SUMIFS(Monthly_Sold!$H$2:$H$7864,Monthly_Sold!$G$2:$G$7864,$A11,Monthly_Sold!$B$2:$B$7864,H$2),4) -> 0 | I11: =ROUND(SUM(B11:H11),4) -> 0.68 | J11: =RANK(I11,$I$3:$I$182,0)+COUNTIF($I$3:I11,I11)-1 -> 157 | K11: =RANK(B11,$B$3:$B$182,0)+COUNTIF($B$3:B11,B11)-1 -> 80 | L11: =RANK(C11,$C$3:$C$182,0)+COUNTIF($C$3:C11,C11)-1 -> 83 | M11: =RANK(D11,$D$3:$D$182,0)+COUNTIF($D$3:D11,D11)-1 -> 94 | N11: =RANK(E11,$E$3:$E$182,0)+COUNTIF($E$3:E11,E11)-1 -> 94 | O11: =RANK(F11,$F$3:$F$182,0)+COUNTIF($F$3:F11,F11)-1 -> 121 | P11: =RANK(G11,$G$3:$G$182,0)+COUNTIF($G$3:G11,G11)-1 -> 113 | Q11: =RANK(H11,$H$3:$H$182,0)+COUNTIF($H$3:H11,H11)-1 -> 94
A12: ADANIRE_41 (INFIRM) | B12: =ROUND(SUMIFS(Monthly_Sold!$H$2:$H$7864,Monthly_Sold!$G$2:$G$7864,$A12,Monthly_Sold!$B$2:$B$7864,B$2),4) -> 0 | C12: =ROUND(SUMIFS(Monthly_Sold!$H$2:$H$7864,Monthly_Sold!$G$2:$G$7864,$A12,Monthly_Sold!$B$2:$B$7864,C$2),4) -> 0 | D12: =ROUND(SUMIFS(Monthly_Sold!$H$2:$H$7864,Monthly_Sold!$G$2:$G$7864,$A12,Monthly_Sold!$B$2:$B$7864,D$2),4) -> 0 | E12: =ROUND(SUMIFS(Monthly_Sold!$H$2:$H$7864,Monthly_Sold!$G$2:$G$7864,$A12,Monthly_Sold!$B$2:$B$7864,E$2),4) -> 0 | F12: =ROUND(SUMIFS(Monthly_Sold!$H$2:$H$7864,Monthly_Sold!$G$2:$G$7864,$A12,Monthly_Sold!$B$2:$B$7864,F$2),4) -> 6.07 | G12: =ROUND(SUMIFS(Monthly_Sold!$H$2:$H$7864,Monthly_Sold!$G$2:$G$7864,$A12,Monthly_Sold!$B$2:$B$7864,G$2),4) -> 0 | H12: =ROUND(SUMIFS(Monthly_Sold!$H$2:$H$7864,Monthly_Sold!$G$2:$G$7864,$A12,Monthly_Sold!$B$2:$B$7864,H$2),4) -> 0 | I12: =ROUND(SUM(B12:H12),4) -> 6.07 | J12: =RANK(I12,$I$3:$I$182,0)+COUNTIF($I$3:I12,I12)-1 -> 133 | K12: =RANK(B12,$B$3:$B$182,0)+COUNTIF($B$3:B12,B12)-1 -> 81 | L12: =RANK(C12,$C$3:$C$182,0)+COUNTIF($C$3:C12,C12)-1 -> 94 | M12: =RANK(D12,$D$3:$D$182,0)+COUNTIF($D$3:D12,D12)-1 -> 95 | N12: =RANK(E12,$E$3:$E$182,0)+COUNTIF($E$3:E12,E12)-1 -> 95 | O12: =RANK(F12,$F$3:$F$182,0)+COUNTIF($F$3:F12,F12)-1 -> 98 | P12: =RANK(G12,$G$3:$G$182,0)+COUNTIF($G$3:G12,G12)-1 -> 114 | Q12: =RANK(H12,$H$3:$H$182,0)+COUNTIF($H$3:H12,H12)-1 -> 95
A13: ADANIRE_55 (INFIRM) | B13: =ROUND(SUMIFS(Monthly_Sold!$H$2:$H$7864,Monthly_Sold!$G$2:$G$7864,$A13,Monthly_Sold!$B$2:$B$7864,B$2),4) -> 0 | C13: =ROUND(SUMIFS(Monthly_Sold!$H$2:$H$7864,Monthly_Sold!$G$2:$G$7864,$A13,Monthly_Sold!$B$2:$B$7864,C$2),4) -> 0 | D13: =ROUND(SUMIFS(Monthly_Sold!$H$2:$H$7864,Monthly_Sold!$G$2:$G$7864,$A13,Monthly_Sold!$B$2:$B$7864,D$2),4) -> 0 | E13: =ROUND(SUMIFS(Monthly_Sold!$H$2:$H$7864,Monthly_Sold!$G$2:$G$7864,$A13,Monthly_Sold!$B$2:$B$7864,E$2),4) -> 0 | F13: =ROUND(SUMIFS(Monthly_Sold!$H$2:$H$7864,Monthly_Sold!$G$2:$G$7864,$A13,Monthly_Sold!$B$2:$B$7864,F$2),4) -> 22.06 | G13: =ROUND(SUMIFS(Monthly_Sold!$H$2:$H$7864,Monthly_Sold!$G$2:$G$7864,$A13,Monthly_Sold!$B$2:$B$7864,G$2),4) -> 0 | H13: =ROUND(SUMIFS(Monthly_Sold!$H$2:$H$7864,Monthly_Sold!$G$2:$G$7864,$A13,Monthly_Sold!$B$2:$B$7864,H$2),4) -> 0 | I13: =ROUND(SUM(B13:H13),4) -> 22.06 | J13: =RANK(I13,$I$3:$I$182,0)+COUNTIF($I$3:I13,I13)-1 -> 116 | K13: =RANK(B13,$B$3:$B$182,0)+COUNTIF($B$3:B13,B13)-1 -> 82 | L13: =RANK(C13,$C$3:$C$182,0)+COUNTIF($C$3:C13,C13)-1 -> 95 | M13: =RANK(D13,$D$3:$D$182,0)+COUNTIF($D$3:D13,D13)-1 -> 96 | N13: =RANK(E13,$E$3:$E$182,0)+COUNTIF($E$3:E13,E13)-1 -> 96 | O13: =RANK(F13,$F$3:$F$182,0)+COUNTIF($F$3:F13,F13)-1 -> 83 | P13: =RANK(G13,$G$3:$G$182,0)+COUNTIF($G$3:G13,G13)-1 -> 115 | Q13: =RANK(H13,$H$3:$H$182,0)+COUNTIF($H$3:H13,H13)-1 -> 96
A14: ADEPT RENEWABLE TECHNOLOGIES | B14: =ROUND(SUMIFS(Monthly_Sold!$H$2:$H$7864,Monthly_Sold!$G$2:$G$7864,$A14,Monthly_Sold!$B$2:$B$7864,B$2),4) -> 0 | C14: =ROUND(SUMIFS(Monthly_Sold!$H$2:$H$7864,Monthly_Sold!$G$2:$G$7864,$A14,Monthly_Sold!$B$2:$B$7864,C$2),4) -> 0 | D14: =ROUND(SUMIFS(Monthly_Sold!$H$2:$H$7864,Monthly_Sold!$G$2:$G$7864,$A14,Monthly_Sold!$B$2:$B$7864,D$2),4) -> 0 | E14: =ROUND(SUMIFS(Monthly_Sold!$H$2:$H$7864,Monthly_Sold!$G$2:$G$7864,$A14,Monthly_Sold!$B$2:$B$7864,E$2),4) -> 0 | F14: =ROUND(SUMIFS(Monthly_Sold!$H$2:$H$7864,Monthly_Sold!$G$2:$G$7864,$A14,Monthly_Sold!$B$2:$B$7864,F$2),4) -> 241.48 | G14: =ROUND(SUMIFS(Monthly_Sold!$H$2:$H$7864,Monthly_Sold!$G$2:$G$7864,$A14,Monthly_Sold!$B$2:$B$7864,G$2),4) -> 194.04 | H14: =ROUND(SUMIFS(Monthly_Sold!$H$2:$H$7864,Monthly_Sold!$G$2:$G$7864,$A14,Monthly_Sold!$B$2:$B$7864,H$2),4) -> 37.23 | I14: =ROUND(SUM(B14:H14),4) -> 472.75 | J14: =RANK(I14,$I$3:$I$182,0)+COUNTIF($I$3:I14,I14)-1 -> 70 | K14: =RANK(B14,$B$3:$B$182,0)+COUNTIF($B$3:B14,B14)-1 -> 83 | L14: =RANK(C14,$C$3:$C$182,0)+COUNTIF($C$3:C14,C14)-1 -> 96 | M14: =RANK(D14,$D$3:$D$182,0)+COUNTIF($D$3:D14,D14)-1 -> 97 | N14: =RANK(E14,$E$3:$E$182,0)+COUNTIF($E$3:E14,E14)-1 -> 97 | O14: =RANK(F14,$F$3:$F$182,0)+COUNTIF($F$3:F14,F14)-1 -> 36 | P14: =RANK(G14,$G$3:$G$182,0)+COUNTIF($G$3:G14,G14)-1 -> 47 | Q14: =RANK(H14,$H$3:$H$182,0)+COUNTIF($H$3:H14,H14)-1 -> 51
... A182: ZENATARIS RENEWABLE ENERGY PRIVATE LIMITED | B182: =ROUND(SUMIFS(Monthly_Sold!$H$2:$H$7864,Monthly_Sold!$G$2:$G$7864,$A182,Monthly_Sold!$B$2:$B$7864,B$2),4) -> 0 | C182: =ROUND(SUMIFS(Monthly_Sold!$H$2:$H$7864,Monthly_Sold!$G$2:$G$7864,$A182,Monthly_Sold!$B$2:$B$7864,C$2),4) -> 0 | D182: =ROUND(SUMIFS(Monthly_Sold!$H$2:$H$7864,Monthly_Sold!$G$2:$G$7864,$A182,Monthly_Sold!$B$2:$B$7864,D$2),4) -> 0 | E182: =ROUND(SUMIFS(Monthly_Sold!$H$2:$H$7864,Monthly_Sold!$G$2:$G$7864,$A182,Monthly_Sold!$B$2:$B$7864,E$2),4) -> 0 | F182: =ROUND(SUMIFS(Monthly_Sold!$H$2:$H$7864,Monthly_Sold!$G$2:$G$7864,$A182,Monthly_Sold!$B$2:$B$7864,F$2),4) -> 0 | G182: =ROUND(SUMIFS(Monthly_Sold!$H$2:$H$7864,Monthly_Sold!$G$2:$G$7864,$A182,Monthly_Sold!$B$2:$B$7864,G$2),4) -> 0.02 | H182: =ROUND(SUMIFS(Monthly_Sold!$H$2:$H$7864,Monthly_Sold!$G$2:$G$7864,$A182,Monthly_Sold!$B$2:$B$7864,H$2),4) -> 0 | I182: =ROUND(SUM(B182:H182),4) -> 0.02 | J182: =RANK(I182,$I$3:$I$182,0)+COUNTIF($I$3:I182,I182)-1 -> 179 | K182: =RANK(B182,$B$3:$B$182,0)+COUNTIF($B$3:B182,B182)-1 -> 180 | L182: =RANK(C182,$C$3:$C$182,0)+COUNTIF($C$3:C182,C182)-1 -> 180 | M182: =RANK(D182,$D$3:$D$182,0)+COUNTIF($D$3:D182,D182)-1 -> 180 | N182: =RANK(E182,$E$3:$E$182,0)+COUNTIF($E$3:E182,E182)-1 -> 180 | O182: =RANK(F182,$F$3:$F$182,0)+COUNTIF($F$3:F182,F182)-1 -> 180 | P182: =RANK(G182,$G$3:$G$182,0)+COUNTIF($G$3:G182,G182)-1 -> 109 | Q182: =RANK(H182,$H$3:$H$182,0)+COUNTIF($H$3:H182,H182)-1 -> 180
A183: TOTAL | B183: =SUM(B3:B182) -> 56426.36 | C183: =SUM(C3:C182) -> 65677.324 | D183: =SUM(D3:D182) -> 53792.735 | E183: =SUM(E3:E182) -> 52878.601 | F183: =SUM(F3:F182) -> 59306.487 | G183: =SUM(G3:G182) -> 60454.5 | H183: =SUM(H3:H182) -> 19585.018 | I183: =SUM(I3:I182) -> 368121.03
A184: Check vs Monthly (should be OK) | B184: =IF(ABS(B183-SUMIFS(Monthly_Sold!$H$2:$H$7864,Monthly_Sold!$B$2:$B$7864,B$2))<0.01,"OK","MISMATCH") -> OK | C184: =IF(ABS(C183-SUMIFS(Monthly_Sold!$H$2:$H$7864,Monthly_Sold!$B$2:$B$7864,C$2))<0.01,"OK","MISMATCH") -> OK | D184: =IF(ABS(D183-SUMIFS(Monthly_Sold!$H$2:$H$7864,Monthly_Sold!$B$2:$B$7864,D$2))<0.01,"OK","MISMATCH") -> OK | E184: =IF(ABS(E183-SUMIFS(Monthly_Sold!$H$2:$H$7864,Monthly_Sold!$B$2:$B$7864,E$2))<0.01,"OK","MISMATCH") -> OK | F184: =IF(ABS(F183-SUMIFS(Monthly_Sold!$H$2:$H$7864,Monthly_Sold!$B$2:$B$7864,F$2))<0.01,"OK","MISMATCH") -> OK | G184: =IF(ABS(G183-SUMIFS(Monthly_Sold!$H$2:$H$7864,Monthly_Sold!$B$2:$B$7864,G$2))<0.01,"OK","MISMATCH") -> OK | H184: =IF(ABS(H183-SUMIFS(Monthly_Sold!$H$2:$H$7864,Monthly_Sold!$B$2:$B$7864,H$2))<0.01,"OK","MISMATCH") -> OK | I184: =IF(ABS(I183-SUM(Monthly_Sold!$H$2:$H$7864))<0.01,"OK","MISMATCH") -> OK

Sheet Top15Group_Sold_CY
A1: SOLD in DAM - top 15 groups by TOTAL volume over the whole period (MU), from AnnualGroup_Sold_CY | I1: 2026-01 to 2026-03 only
A2: Rank | B2: Group | C2: 2020 | D2: 2021 | E2: 2022 | F2: 2023 | G2: 2024 | H2: 2025 | I2: 2026 | J2: TOTAL
A3: 1 | B3: =INDEX(AnnualGroup_Sold_CY!$A$3:$A$182,MATCH(A3,AnnualGroup_Sold_CY!$J$3:$J$182,0)) -> UTTAR PRADESH | C3: =INDEX(AnnualGroup_Sold_CY!$B$3:$B$182,MATCH($B3,AnnualGroup_Sold_CY!$A$3:$A$182,0)) -> 2809.73 | D3: =INDEX(AnnualGroup_Sold_CY!$C$3:$C$182,MATCH($B3,AnnualGroup_Sold_CY!$A$3:$A$182,0)) -> 6692.48 | E3: =INDEX(AnnualGroup_Sold_CY!$D$3:$D$182,MATCH($B3,AnnualGroup_Sold_CY!$A$3:$A$182,0)) -> 6753.72 | F3: =INDEX(AnnualGroup_Sold_CY!$E$3:$E$182,MATCH($B3,AnnualGroup_Sold_CY!$A$3:$A$182,0)) -> 7651.46 | G3: =INDEX(AnnualGroup_Sold_CY!$F$3:$F$182,MATCH($B3,AnnualGroup_Sold_CY!$A$3:$A$182,0)) -> 4638.41 | H3: =INDEX(AnnualGroup_Sold_CY!$G$3:$G$182,MATCH($B3,AnnualGroup_Sold_CY!$A$3:$A$182,0)) -> 4047.69 | I3: =INDEX(AnnualGroup_Sold_CY!$H$3:$H$182,MATCH($B3,AnnualGroup_Sold_CY!$A$3:$A$182,0)) -> 1436.57 | J3: =INDEX(AnnualGroup_Sold_CY!$I$3:$I$182,MATCH($B3,AnnualGroup_Sold_CY!$A$3:$A$182,0)) -> 34030.06
A4: 2 | B4: =INDEX(AnnualGroup_Sold_CY!$A$3:$A$182,MATCH(A4,AnnualGroup_Sold_CY!$J$3:$J$182,0)) -> ADANI POWER (ALL PLANTS) | C4: =INDEX(AnnualGroup_Sold_CY!$B$3:$B$182,MATCH($B4,AnnualGroup_Sold_CY!$A$3:$A$182,0)) -> 4099.71 | D4: =INDEX(AnnualGroup_Sold_CY!$C$3:$C$182,MATCH($B4,AnnualGroup_Sold_CY!$A$3:$A$182,0)) -> 2359.04 | E4: =INDEX(AnnualGroup_Sold_CY!$D$3:$D$182,MATCH($B4,AnnualGroup_Sold_CY!$A$3:$A$182,0)) -> 2182.7 | F4: =INDEX(AnnualGroup_Sold_CY!$E$3:$E$182,MATCH($B4,AnnualGroup_Sold_CY!$A$3:$A$182,0)) -> 3794.07 | G4: =INDEX(AnnualGroup_Sold_CY!$F$3:$F$182,MATCH($B4,AnnualGroup_Sold_CY!$A$3:$A$182,0)) -> 7256.91 | H4: =INDEX(AnnualGroup_Sold_CY!$G$3:$G$182,MATCH($B4,AnnualGroup_Sold_CY!$A$3:$A$182,0)) -> 4918.98 | I4: =INDEX(AnnualGroup_Sold_CY!$H$3:$H$182,MATCH($B4,AnnualGroup_Sold_CY!$A$3:$A$182,0)) -> 1200.29 | J4: =INDEX(AnnualGroup_Sold_CY!$I$3:$I$182,MATCH($B4,AnnualGroup_Sold_CY!$A$3:$A$182,0)) -> 25811.7
A5: 3 | B5: =INDEX(AnnualGroup_Sold_CY!$A$3:$A$182,MATCH(A5,AnnualGroup_Sold_CY!$J$3:$J$182,0)) -> JINDAL POWER LTD (BOTH STAGES) | C5: =INDEX(AnnualGroup_Sold_CY!$B$3:$B$182,MATCH($B5,AnnualGroup_Sold_CY!$A$3:$A$182,0)) -> 2981.75 | D5: =INDEX(AnnualGroup_Sold_CY!$C$3:$C$182,MATCH($B5,AnnualGroup_Sold_CY!$A$3:$A$182,0)) -> 3124.42 | E5: =INDEX(AnnualGroup_Sold_CY!$D$3:$D$182,MATCH($B5,AnnualGroup_Sold_CY!$A$3:$A$182,0)) -> 2799.95 | F5: =INDEX(AnnualGroup_Sold_CY!$E$3:$E$182,MATCH($B5,AnnualGroup_Sold_CY!$A$3:$A$182,0)) -> 2331.03 | G5: =INDEX(AnnualGroup_Sold_CY!$F$3:$F$182,MATCH($B5,AnnualGroup_Sold_CY!$A$3:$A$182,0)) -> 4895.04 | H5: =INDEX(AnnualGroup_Sold_CY!$G$3:$G$182,MATCH($B5,AnnualGroup_Sold_CY!$A$3:$A$182,0)) -> 4945.61 | I5: =INDEX(AnnualGroup_Sold_CY!$H$3:$H$182,MATCH($B5,AnnualGroup_Sold_CY!$A$3:$A$182,0)) -> 1537.77 | J5: =INDEX(AnnualGroup_Sold_CY!$I$3:$I$182,MATCH($B5,AnnualGroup_Sold_CY!$A$3:$A$182,0)) -> 22615.57
A6: 4 | B6: =INDEX(AnnualGroup_Sold_CY!$A$3:$A$182,MATCH(A6,AnnualGroup_Sold_CY!$J$3:$J$182,0)) -> ODISHA | C6: =INDEX(AnnualGroup_Sold_CY!$B$3:$B$182,MATCH($B6,AnnualGroup_Sold_CY!$A$3:$A$182,0)) -> 4477.1 | D6: =INDEX(AnnualGroup_Sold_CY!$C$3:$C$182,MATCH($B6,AnnualGroup_Sold_CY!$A$3:$A$182,0)) -> 3501.12 | E6: =INDEX(AnnualGroup_Sold_CY!$D$3:$D$182,MATCH($B6,AnnualGroup_Sold_CY!$A$3:$A$182,0)) -> 1131.36 | F6: =INDEX(AnnualGroup_Sold_CY!$E$3:$E$182,MATCH($B6,AnnualGroup_Sold_CY!$A$3:$A$182,0)) -> 1325.74 | G6: =INDEX(AnnualGroup_Sold_CY!$F$3:$F$182,MATCH($B6,AnnualGroup_Sold_CY!$A$3:$A$182,0)) -> 2647.4 | H6: =INDEX(AnnualGroup_Sold_CY!$G$3:$G$182,MATCH($B6,AnnualGroup_Sold_CY!$A$3:$A$182,0)) -> 2707.16 | I6: =INDEX(AnnualGroup_Sold_CY!$H$3:$H$182,MATCH($B6,AnnualGroup_Sold_CY!$A$3:$A$182,0)) -> 1139.12 | J6: =INDEX(AnnualGroup_Sold_CY!$I$3:$I$182,MATCH($B6,AnnualGroup_Sold_CY!$A$3:$A$182,0)) -> 16929
A7: 5 | B7: =INDEX(AnnualGroup_Sold_CY!$A$3:$A$182,MATCH(A7,AnnualGroup_Sold_CY!$J$3:$J$182,0)) -> CHHATTISGARH | C7: =INDEX(AnnualGroup_Sold_CY!$B$3:$B$182,MATCH($B7,AnnualGroup_Sold_CY!$A$3:$A$182,0)) -> 1629.91 | D7: =INDEX(AnnualGroup_Sold_CY!$C$3:$C$182,MATCH($B7,AnnualGroup_Sold_CY!$A$3:$A$182,0)) -> 1848.17 | E7: =INDEX(AnnualGroup_Sold_CY!$D$3:$D$182,MATCH($B7,AnnualGroup_Sold_CY!$A$3:$A$182,0)) -> 2432.45 | F7: =INDEX(AnnualGroup_Sold_CY!$E$3:$E$182,MATCH($B7,AnnualGroup_Sold_CY!$A$3:$A$182,0)) -> 3755.79 | G7: =INDEX(AnnualGroup_Sold_CY!$F$3:$F$182,MATCH($B7,AnnualGroup_Sold_CY!$A$3:$A$182,0)) -> 3387.22 | H7: =INDEX(AnnualGroup_Sold_CY!$G$3:$G$182,MATCH($B7,AnnualGroup_Sold_CY!$A$3:$A$182,0)) -> 1849.29 | I7: =INDEX(AnnualGroup_Sold_CY!$H$3:$H$182,MATCH($B7,AnnualGroup_Sold_CY!$A$3:$A$182,0)) -> 840.69 | J7: =INDEX(AnnualGroup_Sold_CY!$I$3:$I$182,MATCH($B7,AnnualGroup_Sold_CY!$A$3:$A$182,0)) -> 15743.52
A8: 6 | B8: =INDEX(AnnualGroup_Sold_CY!$A$3:$A$182,MATCH(A8,AnnualGroup_Sold_CY!$J$3:$J$182,0)) -> WEST BENGAL | C8: =INDEX(AnnualGroup_Sold_CY!$B$3:$B$182,MATCH($B8,AnnualGroup_Sold_CY!$A$3:$A$182,0)) -> 1081.86 | D8: =INDEX(AnnualGroup_Sold_CY!$C$3:$C$182,MATCH($B8,AnnualGroup_Sold_CY!$A$3:$A$182,0)) -> 5224.76 | E8: =INDEX(AnnualGroup_Sold_CY!$D$3:$D$182,MATCH($B8,AnnualGroup_Sold_CY!$A$3:$A$182,0)) -> 4569.6 | F8: =INDEX(AnnualGroup_Sold_CY!$E$3:$E$182,MATCH($B8,AnnualGroup_Sold_CY!$A$3:$A$182,0)) -> 1327 | G8: =INDEX(AnnualGroup_Sold_CY!$F$3:$F$182,MATCH($B8,AnnualGroup_Sold_CY!$A$3:$A$182,0)) -> 1174.53 | H8: =INDEX(AnnualGroup_Sold_CY!$G$3:$G$182,MATCH($B8,AnnualGroup_Sold_CY!$A$3:$A$182,0)) -> 785.04 | I8: =INDEX(AnnualGroup_Sold_CY!$H$3:$H$182,MATCH($B8,AnnualGroup_Sold_CY!$A$3:$A$182,0)) -> 348.43 | J8: =INDEX(AnnualGroup_Sold_CY!$I$3:$I$182,MATCH($B8,AnnualGroup_Sold_CY!$A$3:$A$182,0)) -> 14511.22
A9: 7 | B9: =INDEX(AnnualGroup_Sold_CY!$A$3:$A$182,MATCH(A9,AnnualGroup_Sold_CY!$J$3:$J$182,0)) -> BIHAR | C9: =INDEX(AnnualGroup_Sold_CY!$B$3:$B$182,MATCH($B9,AnnualGroup_Sold_CY!$A$3:$A$182,0)) -> 824.79 | D9: =INDEX(AnnualGroup_Sold_CY!$C$3:$C$182,MATCH($B9,AnnualGroup_Sold_CY!$A$3:$A$182,0)) -> 2442.46 | E9: =INDEX(AnnualGroup_Sold_CY!$D$3:$D$182,MATCH($B9,AnnualGroup_Sold_CY!$A$3:$A$182,0)) -> 3593.27 | F9: =INDEX(AnnualGroup_Sold_CY!$E$3:$E$182,MATCH($B9,AnnualGroup_Sold_CY!$A$3:$A$182,0)) -> 3871.34 | G9: =INDEX(AnnualGroup_Sold_CY!$F$3:$F$182,MATCH($B9,AnnualGroup_Sold_CY!$A$3:$A$182,0)) -> 1363.74 | H9: =INDEX(AnnualGroup_Sold_CY!$G$3:$G$182,MATCH($B9,AnnualGroup_Sold_CY!$A$3:$A$182,0)) -> 1349.22 | I9: =INDEX(AnnualGroup_Sold_CY!$H$3:$H$182,MATCH($B9,AnnualGroup_Sold_CY!$A$3:$A$182,0)) -> 883.76 | J9: =INDEX(AnnualGroup_Sold_CY!$I$3:$I$182,MATCH($B9,AnnualGroup_Sold_CY!$A$3:$A$182,0)) -> 14328.58
A10: 8 | B10: =INDEX(AnnualGroup_Sold_CY!$A$3:$A$182,MATCH(A10,AnnualGroup_Sold_CY!$J$3:$J$182,0)) -> ADANI GREEN ENERGY (ALL SPVs) | C10: =INDEX(AnnualGroup_Sold_CY!$B$3:$B$182,MATCH($B10,AnnualGroup_Sold_CY!$A$3:$A$182,0)) -> 28.52 | D10: =INDEX(AnnualGroup_Sold_CY!$C$3:$C$182,MATCH($B10,AnnualGroup_Sold_CY!$A$3:$A$182,0)) -> 8.03 | E10: =INDEX(AnnualGroup_Sold_CY!$D$3:$D$182,MATCH($B10,AnnualGroup_Sold_CY!$A$3:$A$182,0)) -> 93.11 | F10: =INDEX(AnnualGroup_Sold_CY!$E$3:$E$182,MATCH($B10,AnnualGroup_Sold_CY!$A$3:$A$182,0)) -> 309.64 | G10: =INDEX(AnnualGroup_Sold_CY!$F$3:$F$182,MATCH($B10,AnnualGroup_Sold_CY!$A$3:$A$182,0)) -> 1952.1 | H10: =INDEX(AnnualGroup_Sold_CY!$G$3:$G$182,MATCH($B10,AnnualGroup_Sold_CY!$A$3:$A$182,0)) -> 7099.59 | I10: =INDEX(AnnualGroup_Sold_CY!$H$3:$H$182,MATCH($B10,AnnualGroup_Sold_CY!$A$3:$A$182,0)) -> 2687.94 | J10: =INDEX(AnnualGroup_Sold_CY!$I$3:$I$182,MATCH($B10,AnnualGroup_Sold_CY!$A$3:$A$182,0)) -> 12178.93
A11: 9 | B11: =INDEX(AnnualGroup_Sold_CY!$A$3:$A$182,MATCH(A11,AnnualGroup_Sold_CY!$J$3:$J$182,0)) -> MADHYA PRADESH | C11: =INDEX(AnnualGroup_Sold_CY!$B$3:$B$182,MATCH($B11,AnnualGroup_Sold_CY!$A$3:$A$182,0)) -> 1791.95 | D11: =INDEX(AnnualGroup_Sold_CY!$C$3:$C$182,MATCH($B11,AnnualGroup_Sold_CY!$A$3:$A$182,0)) -> 2556.96 | E11: =INDEX(AnnualGroup_Sold_CY!$D$3:$D$182,MATCH($B11,AnnualGroup_Sold_CY!$A$3:$A$182,0)) -> 2528.98 | F11: =INDEX(AnnualGroup_Sold_CY!$E$3:$E$182,MATCH($B11,AnnualGroup_Sold_CY!$A$3:$A$182,0)) -> 1539.32 | G11: =INDEX(AnnualGroup_Sold_CY!$F$3:$F$182,MATCH($B11,AnnualGroup_Sold_CY!$A$3:$A$182,0)) -> 1528.65 | H11: =INDEX(AnnualGroup_Sold_CY!$G$3:$G$182,MATCH($B11,AnnualGroup_Sold_CY!$A$3:$A$182,0)) -> 1762.13 | I11: =INDEX(AnnualGroup_Sold_CY!$H$3:$H$182,MATCH($B11,AnnualGroup_Sold_CY!$A$3:$A$182,0)) -> 383.95 | J11: =INDEX(AnnualGroup_Sold_CY!$I$3:$I$182,MATCH($B11,AnnualGroup_Sold_CY!$A$3:$A$182,0)) -> 12091.94
A12: 10 | B12: =INDEX(AnnualGroup_Sold_CY!$A$3:$A$182,MATCH(A12,AnnualGroup_Sold_CY!$J$3:$J$182,0)) -> HIMACHAL PRADESH | C12: =INDEX(AnnualGroup_Sold_CY!$B$3:$B$182,MATCH($B12,AnnualGroup_Sold_CY!$A$3:$A$182,0)) -> 3088.63 | D12: =INDEX(AnnualGroup_Sold_CY!$C$3:$C$182,MATCH($B12,AnnualGroup_Sold_CY!$A$3:$A$182,0)) -> 2502.79 | E12: =INDEX(AnnualGroup_Sold_CY!$D$3:$D$182,MATCH($B12,AnnualGroup_Sold_CY!$A$3:$A$182,0)) -> 1319.6 | F12: =INDEX(AnnualGroup_Sold_CY!$E$3:$E$182,MATCH($B12,AnnualGroup_Sold_CY!$A$3:$A$182,0)) -> 1162.91 | G12: =INDEX(AnnualGroup_Sold_CY!$F$3:$F$182,MATCH($B12,AnnualGroup_Sold_CY!$A$3:$A$182,0)) -> 1674.63 | H12: =INDEX(AnnualGroup_Sold_CY!$G$3:$G$182,MATCH($B12,AnnualGroup_Sold_CY!$A$3:$A$182,0)) -> 1324.05 | I12: =INDEX(AnnualGroup_Sold_CY!$H$3:$H$182,MATCH($B12,AnnualGroup_Sold_CY!$A$3:$A$182,0)) -> 187.72 | J12: =INDEX(AnnualGroup_Sold_CY!$I$3:$I$182,MATCH($B12,AnnualGroup_Sold_CY!$A$3:$A$182,0)) -> 11260.33
A13: 11 | B13: =INDEX(AnnualGroup_Sold_CY!$A$3:$A$182,MATCH(A13,AnnualGroup_Sold_CY!$J$3:$J$182,0)) -> SEIL ENERGY INDIA | C13: =INDEX(AnnualGroup_Sold_CY!$B$3:$B$182,MATCH($B13,AnnualGroup_Sold_CY!$A$3:$A$182,0)) -> 3288.17 | D13: =INDEX(AnnualGroup_Sold_CY!$C$3:$C$182,MATCH($B13,AnnualGroup_Sold_CY!$A$3:$A$182,0)) -> 3408.24 | E13: =INDEX(AnnualGroup_Sold_CY!$D$3:$D$182,MATCH($B13,AnnualGroup_Sold_CY!$A$3:$A$182,0)) -> 1887.2 | F13: =INDEX(AnnualGroup_Sold_CY!$E$3:$E$182,MATCH($B13,AnnualGroup_Sold_CY!$A$3:$A$182,0)) -> 855.97 | G13: =INDEX(AnnualGroup_Sold_CY!$F$3:$F$182,MATCH($B13,AnnualGroup_Sold_CY!$A$3:$A$182,0)) -> 809.86 | H13: =INDEX(AnnualGroup_Sold_CY!$G$3:$G$182,MATCH($B13,AnnualGroup_Sold_CY!$A$3:$A$182,0)) -> 713.2 | I13: =INDEX(AnnualGroup_Sold_CY!$H$3:$H$182,MATCH($B13,AnnualGroup_Sold_CY!$A$3:$A$182,0)) -> 74.22 | J13: =INDEX(AnnualGroup_Sold_CY!$I$3:$I$182,MATCH($B13,AnnualGroup_Sold_CY!$A$3:$A$182,0)) -> 11036.86
A14: 12 | B14: =INDEX(AnnualGroup_Sold_CY!$A$3:$A$182,MATCH(A14,AnnualGroup_Sold_CY!$J$3:$J$182,0)) -> KARNATAKA | C14: =INDEX(AnnualGroup_Sold_CY!$B$3:$B$182,MATCH($B14,AnnualGroup_Sold_CY!$A$3:$A$182,0)) -> 725.93 | D14: =INDEX(AnnualGroup_Sold_CY!$C$3:$C$182,MATCH($B14,AnnualGroup_Sold_CY!$A$3:$A$182,0)) -> 3006.33 | E14: =INDEX(AnnualGroup_Sold_CY!$D$3:$D$182,MATCH($B14,AnnualGroup_Sold_CY!$A$3:$A$182,0)) -> 2221.31 | F14: =INDEX(AnnualGroup_Sold_CY!$E$3:$E$182,MATCH($B14,AnnualGroup_Sold_CY!$A$3:$A$182,0)) -> 728.16 | G14: =INDEX(AnnualGroup_Sold_CY!$F$3:$F$182,MATCH($B14,AnnualGroup_Sold_CY!$A$3:$A$182,0)) -> 2036.65 | H14: =INDEX(AnnualGroup_Sold_CY!$G$3:$G$182,MATCH($B14,AnnualGroup_Sold_CY!$A$3:$A$182,0)) -> 1040.05 | I14: =INDEX(AnnualGroup_Sold_CY!$H$3:$H$182,MATCH($B14,AnnualGroup_Sold_CY!$A$3:$A$182,0)) -> 150.03 | J14: =INDEX(AnnualGroup_Sold_CY!$I$3:$I$182,MATCH($B14,AnnualGroup_Sold_CY!$A$3:$A$182,0)) -> 9908.46
... A17: 15 | B17: =INDEX(AnnualGroup_Sold_CY!$A$3:$A$182,MATCH(A17,AnnualGroup_Sold_CY!$J$3:$J$182,0)) -> DELHI | C17: =INDEX(AnnualGroup_Sold_CY!$B$3:$B$182,MATCH($B17,AnnualGroup_Sold_CY!$A$3:$A$182,0)) -> 868.92 | D17: =INDEX(AnnualGroup_Sold_CY!$C$3:$C$182,MATCH($B17,AnnualGroup_Sold_CY!$A$3:$A$182,0)) -> 1986.75 | E17: =INDEX(AnnualGroup_Sold_CY!$D$3:$D$182,MATCH($B17,AnnualGroup_Sold_CY!$A$3:$A$182,0)) -> 1323.71 | F17: =INDEX(AnnualGroup_Sold_CY!$E$3:$E$182,MATCH($B17,AnnualGroup_Sold_CY!$A$3:$A$182,0)) -> 1987.07 | G17: =INDEX(AnnualGroup_Sold_CY!$F$3:$F$182,MATCH($B17,AnnualGroup_Sold_CY!$A$3:$A$182,0)) -> 1461.56 | H17: =INDEX(AnnualGroup_Sold_CY!$G$3:$G$182,MATCH($B17,AnnualGroup_Sold_CY!$A$3:$A$182,0)) -> 1450.89 | I17: =INDEX(AnnualGroup_Sold_CY!$H$3:$H$182,MATCH($B17,AnnualGroup_Sold_CY!$A$3:$A$182,0)) -> 166.15 | J17: =INDEX(AnnualGroup_Sold_CY!$I$3:$I$182,MATCH($B17,AnnualGroup_Sold_CY!$A$3:$A$182,0)) -> 9245.05
A18: =COUNTIF(AnnualGroup_Sold_CY!$I$3:$I$182,">0")-15 -> 165 | B18: ="OTHERS ("&A18&" groups)" -> OTHERS (165 groups) | C18: =C19-SUM(C3:C17) -> 21679.4 | D18: =D19-SUM(D3:D17) -> 22671.364 | E18: =E19-SUM(E3:E17) -> 18568.585 | F18: =F19-SUM(F3:F17) -> 20121.261 | G18: =G19-SUM(G3:G17) -> 23063.537 | H18: =H19-SUM(H3:H17) -> 25122.91 | I18: =I19-SUM(I3:I17) -> 8334.688 | J18: =J19-SUM(J3:J17) -> 139561.75
B19: TOTAL | C19: =AnnualGroup_Sold_CY!B183 -> 56426.36 | D19: =AnnualGroup_Sold_CY!C183 -> 65677.324 | E19: =AnnualGroup_Sold_CY!D183 -> 53792.735 | F19: =AnnualGroup_Sold_CY!E183 -> 52878.601 | G19: =AnnualGroup_Sold_CY!F183 -> 59306.487 | H19: =AnnualGroup_Sold_CY!G183 -> 60454.5 | I19: =AnnualGroup_Sold_CY!H183 -> 19585.018 | J19: =AnnualGroup_Sold_CY!I183 -> 368121.03
B20: Check: top15 + Others = Annual total | C20: =IF(ABS(SUM(C3:C18)-C19)<0.01,"OK","MISMATCH") -> OK | D20: =IF(ABS(SUM(D3:D18)-D19)<0.01,"OK","MISMATCH") -> OK | E20: =IF(ABS(SUM(E3:E18)-E19)<0.01,"OK","MISMATCH") -> OK | F20: =IF(ABS(SUM(F3:F18)-F19)<0.01,"OK","MISMATCH") -> OK | G20: =IF(ABS(SUM(G3:G18)-G19)<0.01,"OK","MISMATCH") -> OK | H20: =IF(ABS(SUM(H3:H18)-H19)<0.01,"OK","MISMATCH") -> OK | I20: =IF(ABS(SUM(I3:I18)-I19)<0.01,"OK","MISMATCH") -> OK | J20: =IF(ABS(SUM(J3:J18)-J19)<0.01,"OK","MISMATCH") -> OK
A22: Share of period total (%)
A23: Rank | B23: Group | C23: 2020 | D23: 2021 | E23: 2022 | F23: 2023 | G23: 2024 | H23: 2025 | I23: 2026 | J23: TOTAL
A24: =A3 -> 1 | B24: =B3 -> UTTAR PRADESH | C24: =IF(C$19=0,0,C3/C$19*100) -> 4.9794635 | D24: =IF(D$19=0,0,D3/D$19*100) -> 10.18994 | E24: =IF(E$19=0,0,E3/E$19*100) -> 12.555078 | F24: =IF(F$19=0,0,F3/F$19*100) -> 14.469861 | G24: =IF(G$19=0,0,G3/G$19*100) -> 7.8210837 | H24: =IF(H$19=0,0,H3/H$19*100) -> 6.6954321 | I24: =IF(I$19=0,0,I3/I$19*100) -> 7.3350456 | J24: =IF(J$19=0,0,J3/J$19*100) -> 9.2442587
A25: =A4 -> 2 | B25: =B4 -> ADANI POWER (ALL PLANTS) | C25: =IF(C$19=0,0,C4/C$19*100) -> 7.2655936 | D25: =IF(D$19=0,0,D4/D$19*100) -> 3.5918638 | E25: =IF(E$19=0,0,E4/E$19*100) -> 4.0576111 | F25: =IF(F$19=0,0,F4/F$19*100) -> 7.1750574 | G25: =IF(G$19=0,0,G4/G$19*100) -> 12.236284 | H25: =IF(H$19=0,0,H4/H$19*100) -> 8.1366647 | I25: =IF(I$19=0,0,I4/I$19*100) -> 6.1286132 | J25: =IF(J$19=0,0,J4/J$19*100) -> 7.0117429
A26: =A5 -> 3 | B26: =B5 -> JINDAL POWER LTD (BOTH STAGES) | C26: =IF(C$19=0,0,C5/C$19*100) -> 5.284321 | D26: =IF(D$19=0,0,D5/D$19*100) -> 4.7572279 | E26: =IF(E$19=0,0,E5/E$19*100) -> 5.2050709 | F26: =IF(F$19=0,0,F5/F$19*100) -> 4.4082672 | G26: =IF(G$19=0,0,G5/G$19*100) -> 8.253802 | H26: =IF(H$19=0,0,H5/H$19*100) -> 8.1807144 | I26: =IF(I$19=0,0,I5/I$19*100) -> 7.8517671 | J26: =IF(J$19=0,0,J5/J$19*100) -> 6.1435149
A27: =A6 -> 4 | B27: =B6 -> ODISHA | C27: =IF(C$19=0,0,C6/C$19*100) -> 7.9344122 | D27: =IF(D$19=0,0,D6/D$19*100) -> 5.3307897 | E27: =IF(E$19=0,0,E6/E$19*100) -> 2.1031836 | F27: =IF(F$19=0,0,F6/F$19*100) -> 2.5071389 | G27: =IF(G$19=0,0,G6/G$19*100) -> 4.4639299 | H27: =IF(H$19=0,0,H6/H$19*100) -> 4.4780124 | I27: =IF(I$19=0,0,I6/I$19*100) -> 5.8162826 | J27: =IF(J$19=0,0,J6/J$19*100) -> 4.5987593
A28: =A7 -> 5 | B28: =B7 -> CHHATTISGARH | C28: =IF(C$19=0,0,C7/C$19*100) -> 2.8885613 | D28: =IF(D$19=0,0,D7/D$19*100) -> 2.8140154 | E28: =IF(E$19=0,0,E7/E$19*100) -> 4.5218932 | F28: =IF(F$19=0,0,F7/F$19*100) -> 7.1026652 | G28: =IF(G$19=0,0,G7/G$19*100) -> 5.711382 | H28: =IF(H$19=0,0,H7/H$19*100) -> 3.0589782 | I28: =IF(I$19=0,0,I7/I$19*100) -> 4.2925158 | J28: =IF(J$19=0,0,J7/J$19*100) -> 4.2767239
A29: =A8 -> 6 | B29: =B8 -> WEST BENGAL | C29: =IF(C$19=0,0,C8/C$19*100) -> 1.9172954 | D29: =IF(D$19=0,0,D8/D$19*100) -> 7.9551962 | E29: =IF(E$19=0,0,E8/E$19*100) -> 8.4948274 | F29: =IF(F$19=0,0,F8/F$19*100) -> 2.5095218 | G29: =IF(G$19=0,0,G8/G$19*100) -> 1.980441 | H29: =IF(H$19=0,0,H8/H$19*100) -> 1.2985634 | I29: =IF(I$19=0,0,I8/I$19*100) -> 1.779064 | J29: =IF(J$19=0,0,J8/J$19*100) -> 3.9419699
A30: =A9 -> 7 | B30: =B9 -> BIHAR | C30: =IF(C$19=0,0,C9/C$19*100) -> 1.4617104 | D30: =IF(D$19=0,0,D9/D$19*100) -> 3.7188787 | E30: =IF(E$19=0,0,E9/E$19*100) -> 6.6798425 | F30: =IF(F$19=0,0,F9/F$19*100) -> 7.3211846 | G30: =IF(G$19=0,0,G9/G$19*100) -> 2.2994786 | H30: =IF(H$19=0,0,H9/H$19*100) -> 2.2317941 | I30: =IF(I$19=0,0,I9/I$19*100) -> 4.5124288 | J30: =IF(J$19=0,0,J9/J$19*100) -> 3.8923558
A31: =A10 -> 8 | B31: =B10 -> ADANI GREEN ENERGY (ALL SPVs) | C31: =IF(C$19=0,0,C10/C$19*100) -> 0.050543753 | D31: =IF(D$19=0,0,D10/D$19*100) -> 0.012226442 | E31: =IF(E$19=0,0,E10/E$19*100) -> 0.17309029 | F31: =IF(F$19=0,0,F10/F$19*100) -> 0.58556769 | G31: =IF(G$19=0,0,G10/G$19*100) -> 3.2915455 | H31: =IF(H$19=0,0,H10/H$19*100) -> 11.743691 | I31: =IF(I$19=0,0,I10/I$19*100) -> 13.72447 | J31: =IF(J$19=0,0,J10/J$19*100) -> 3.3084038
A32: =A11 -> 9 | B32: =B11 -> MADHYA PRADESH | C32: =IF(C$19=0,0,C11/C$19*100) -> 3.1757321 | D32: =IF(D$19=0,0,D11/D$19*100) -> 3.8932159 | E32: =IF(E$19=0,0,E11/E$19*100) -> 4.7013412 | F32: =IF(F$19=0,0,F11/F$19*100) -> 2.9110452 | G32: =IF(G$19=0,0,G11/G$19*100) -> 2.5775427 | H32: =IF(H$19=0,0,H11/H$19*100) -> 2.9148037 | I32: =IF(I$19=0,0,I11/I$19*100) -> 1.9604271 | J32: =IF(J$19=0,0,J11/J$19*100) -> 3.284773
A33: =A12 -> 10 | B33: =B12 -> HIMACHAL PRADESH | C33: =IF(C$19=0,0,C12/C$19*100) -> 5.473736 | D33: =IF(D$19=0,0,D12/D$19*100) -> 3.8107369 | E33: =IF(E$19=0,0,E12/E$19*100) -> 2.4531194 | F33: =IF(F$19=0,0,F12/F$19*100) -> 2.1992072 | G33: =IF(G$19=0,0,G12/G$19*100) -> 2.8236877 | H33: =IF(H$19=0,0,H12/H$19*100) -> 2.1901595 | I33: =IF(I$19=0,0,I12/I$19*100) -> 0.95848776 | J33: =IF(J$19=0,0,J12/J$19*100) -> 3.0588663
A34: =A13 -> 11 | B34: =B13 -> SEIL ENERGY INDIA | C34: =IF(C$19=0,0,C13/C$19*100) -> 5.8273651 | D34: =IF(D$19=0,0,D13/D$19*100) -> 5.189371 | E34: =IF(E$19=0,0,E13/E$19*100) -> 3.5082804 | F34: =IF(F$19=0,0,F13/F$19*100) -> 1.6187455 | G34: =IF(G$19=0,0,G13/G$19*100) -> 1.3655504 | H34: =IF(H$19=0,0,H13/H$19*100) -> 1.1797302 | I34: =IF(I$19=0,0,I13/I$19*100) -> 0.37896314 | J34: =IF(J$19=0,0,J13/J$19*100) -> 2.9981607
A35: =A14 -> 12 | B35: =B14 -> KARNATAKA | C35: =IF(C$19=0,0,C14/C$19*100) -> 1.2865086 | D35: =IF(D$19=0,0,D14/D$19*100) -> 4.5774246 | E35: =IF(E$19=0,0,E14/E$19*100) -> 4.1293866 | F35: =IF(F$19=0,0,F14/F$19*100) -> 1.377041 | G35: =IF(G$19=0,0,G14/G$19*100) -> 3.43411 | H35: =IF(H$19=0,0,H14/H$19*100) -> 1.7203847 | I35: =IF(I$19=0,0,I14/I$19*100) -> 0.76604474 | J35: =IF(J$19=0,0,J14/J$19*100) -> 2.6916311
... A40: =A19 -> 0 | B40: =B19 -> TOTAL | C40: =IF(C$19=0,0,C19/C$19*100) -> 100 | D40: =IF(D$19=0,0,D19/D$19*100) -> 100 | E40: =IF(E$19=0,0,E19/E$19*100) -> 100 | F40: =IF(F$19=0,0,F19/F$19*100) -> 100 | G40: =IF(G$19=0,0,G19/G$19*100) -> 100 | H40: =IF(H$19=0,0,H19/H$19*100) -> 100 | I40: =IF(I$19=0,0,I19/I$19*100) -> 100 | J40: =IF(J$19=0,0,J19/J$19*100) -> 100

Sheet Annual_Purchased_CY
A1: PURCHASED in DAM by player and CY (MU). Formulas: SUMIFS over Monthly_Purchased. | H1: 2026-01 to 2026-03 only
A2: Player | B2: 2020 | C2: 2021 | D2: 2022 | E2: 2023 | F2: 2024 | G2: 2025 | H2: 2026 | I2: TOTAL | J2: Rank (TOTAL) | K2: Rank 2020 | L2: Rank 2021 | M2: Rank 2022 | N2: Rank 2023 | O2: Rank 2024 | P2: Rank 2025 | Q2: Rank 2026
A3: 2X600 VEDANTA LIMITED CHHATTISGARH POWER PLANT | B3: =ROUND(SUMIFS(Monthly_Purchased!$H$2:$H$2607,Monthly_Purchased!$F$2:$F$2607,$A3,Monthly_Purchased!$B$2:$B$2607,B$2),4) -> 0 | C3: =ROUND(SUMIFS(Monthly_Purchased!$H$2:$H$2607,Monthly_Purchased!$F$2:$F$2607,$A3,Monthly_Purchased!$B$2:$B$2607,C$2),4) -> 0 | D3: =ROUND(SUMIFS(Monthly_Purchased!$H$2:$H$2607,Monthly_Purchased!$F$2:$F$2607,$A3,Monthly_Purchased!$B$2:$B$2607,D$2),4) -> 0 | E3: =ROUND(SUMIFS(Monthly_Purchased!$H$2:$H$2607,Monthly_Purchased!$F$2:$F$2607,$A3,Monthly_Purchased!$B$2:$B$2607,E$2),4) -> 0 | F3: =ROUND(SUMIFS(Monthly_Purchased!$H$2:$H$2607,Monthly_Purchased!$F$2:$F$2607,$A3,Monthly_Purchased!$B$2:$B$2607,F$2),4) -> 0 | G3: =ROUND(SUMIFS(Monthly_Purchased!$H$2:$H$2607,Monthly_Purchased!$F$2:$F$2607,$A3,Monthly_Purchased!$B$2:$B$2607,G$2),4) -> 8.82 | H3: =ROUND(SUMIFS(Monthly_Purchased!$H$2:$H$2607,Monthly_Purchased!$F$2:$F$2607,$A3,Monthly_Purchased!$B$2:$B$2607,H$2),4) -> 17.99 | I3: =ROUND(SUM(B3:H3),4) -> 26.81 | J3: =RANK(I3,$I$3:$I$71,0)+COUNTIF($I$3:I3,I3)-1 -> 48 | K3: =RANK(B3,$B$3:$B$71,0)+COUNTIF($B$3:B3,B3)-1 -> 37 | L3: =RANK(C3,$C$3:$C$71,0)+COUNTIF($C$3:C3,C3)-1 -> 43 | M3: =RANK(D3,$D$3:$D$71,0)+COUNTIF($D$3:D3,D3)-1 -> 39 | N3: =RANK(E3,$E$3:$E$71,0)+COUNTIF($E$3:E3,E3)-1 -> 44 | O3: =RANK(F3,$F$3:$F$71,0)+COUNTIF($F$3:F3,F3)-1 -> 48 | P3: =RANK(G3,$G$3:$G$71,0)+COUNTIF($G$3:G3,G3)-1 -> 47 | Q3: =RANK(H3,$H$3:$H$71,0)+COUNTIF($H$3:H3,H3)-1 -> 34
A4: ACME SURYODAYA PRIVATE LIMITED_BESS | B4: =ROUND(SUMIFS(Monthly_Purchased!$H$2:$H$2607,Monthly_Purchased!$F$2:$F$2607,$A4,Monthly_Purchased!$B$2:$B$2607,B$2),4) -> 0 | C4: =ROUND(SUMIFS(Monthly_Purchased!$H$2:$H$2607,Monthly_Purchased!$F$2:$F$2607,$A4,Monthly_Purchased!$B$2:$B$2607,C$2),4) -> 0 | D4: =ROUND(SUMIFS(Monthly_Purchased!$H$2:$H$2607,Monthly_Purchased!$F$2:$F$2607,$A4,Monthly_Purchased!$B$2:$B$2607,D$2),4) -> 0 | E4: =ROUND(SUMIFS(Monthly_Purchased!$H$2:$H$2607,Monthly_Purchased!$F$2:$F$2607,$A4,Monthly_Purchased!$B$2:$B$2607,E$2),4) -> 0 | F4: =ROUND(SUMIFS(Monthly_Purchased!$H$2:$H$2607,Monthly_Purchased!$F$2:$F$2607,$A4,Monthly_Purchased!$B$2:$B$2607,F$2),4) -> 0 | G4: =ROUND(SUMIFS(Monthly_Purchased!$H$2:$H$2607,Monthly_Purchased!$F$2:$F$2607,$A4,Monthly_Purchased!$B$2:$B$2607,G$2),4) -> 0 | H4: =ROUND(SUMIFS(Monthly_Purchased!$H$2:$H$2607,Monthly_Purchased!$F$2:$F$2607,$A4,Monthly_Purchased!$B$2:$B$2607,H$2),4) -> 0.06 | I4: =ROUND(SUM(B4:H4),4) -> 0.06 | J4: =RANK(I4,$I$3:$I$71,0)+COUNTIF($I$3:I4,I4)-1 -> 68 | K4: =RANK(B4,$B$3:$B$71,0)+COUNTIF($B$3:B4,B4)-1 -> 38 | L4: =RANK(C4,$C$3:$C$71,0)+COUNTIF($C$3:C4,C4)-1 -> 44 | M4: =RANK(D4,$D$3:$D$71,0)+COUNTIF($D$3:D4,D4)-1 -> 40 | N4: =RANK(E4,$E$3:$E$71,0)+COUNTIF($E$3:E4,E4)-1 -> 45 | O4: =RANK(F4,$F$3:$F$71,0)+COUNTIF($F$3:F4,F4)-1 -> 49 | P4: =RANK(G4,$G$3:$G$71,0)+COUNTIF($G$3:G4,G4)-1 -> 59 | Q4: =RANK(H4,$H$3:$H$71,0)+COUNTIF($H$3:H4,H4)-1 -> 47
A5: ADANI POWER - RAIGARH TPP (EX-REGL) | B5: =ROUND(SUMIFS(Monthly_Purchased!$H$2:$H$2607,Monthly_Purchased!$F$2:$F$2607,$A5,Monthly_Purchased!$B$2:$B$2607,B$2),4) -> 0 | C5: =ROUND(SUMIFS(Monthly_Purchased!$H$2:$H$2607,Monthly_Purchased!$F$2:$F$2607,$A5,Monthly_Purchased!$B$2:$B$2607,C$2),4) -> 0 | D5: =ROUND(SUMIFS(Monthly_Purchased!$H$2:$H$2607,Monthly_Purchased!$F$2:$F$2607,$A5,Monthly_Purchased!$B$2:$B$2607,D$2),4) -> 0 | E5: =ROUND(SUMIFS(Monthly_Purchased!$H$2:$H$2607,Monthly_Purchased!$F$2:$F$2607,$A5,Monthly_Purchased!$B$2:$B$2607,E$2),4) -> 0 | F5: =ROUND(SUMIFS(Monthly_Purchased!$H$2:$H$2607,Monthly_Purchased!$F$2:$F$2607,$A5,Monthly_Purchased!$B$2:$B$2607,F$2),4) -> 0 | G5: =ROUND(SUMIFS(Monthly_Purchased!$H$2:$H$2607,Monthly_Purchased!$F$2:$F$2607,$A5,Monthly_Purchased!$B$2:$B$2607,G$2),4) -> 26.91 | H5: =ROUND(SUMIFS(Monthly_Purchased!$H$2:$H$2607,Monthly_Purchased!$F$2:$F$2607,$A5,Monthly_Purchased!$B$2:$B$2607,H$2),4) -> 0 | I5: =ROUND(SUM(B5:H5),4) -> 26.91 | J5: =RANK(I5,$I$3:$I$71,0)+COUNTIF($I$3:I5,I5)-1 -> 47 | K5: =RANK(B5,$B$3:$B$71,0)+COUNTIF($B$3:B5,B5)-1 -> 39 | L5: =RANK(C5,$C$3:$C$71,0)+COUNTIF($C$3:C5,C5)-1 -> 45 | M5: =RANK(D5,$D$3:$D$71,0)+COUNTIF($D$3:D5,D5)-1 -> 41 | N5: =RANK(E5,$E$3:$E$71,0)+COUNTIF($E$3:E5,E5)-1 -> 46 | O5: =RANK(F5,$F$3:$F$71,0)+COUNTIF($F$3:F5,F5)-1 -> 50 | P5: =RANK(G5,$G$3:$G$71,0)+COUNTIF($G$3:G5,G5)-1 -> 40 | Q5: =RANK(H5,$H$3:$H$71,0)+COUNTIF($H$3:H5,H5)-1 -> 48
A6: ADANI POWER - RAIPUR TPP (EX-GMR CHHATTISGARH) | B6: =ROUND(SUMIFS(Monthly_Purchased!$H$2:$H$2607,Monthly_Purchased!$F$2:$F$2607,$A6,Monthly_Purchased!$B$2:$B$2607,B$2),4) -> 0 | C6: =ROUND(SUMIFS(Monthly_Purchased!$H$2:$H$2607,Monthly_Purchased!$F$2:$F$2607,$A6,Monthly_Purchased!$B$2:$B$2607,C$2),4) -> 0 | D6: =ROUND(SUMIFS(Monthly_Purchased!$H$2:$H$2607,Monthly_Purchased!$F$2:$F$2607,$A6,Monthly_Purchased!$B$2:$B$2607,D$2),4) -> 0 | E6: =ROUND(SUMIFS(Monthly_Purchased!$H$2:$H$2607,Monthly_Purchased!$F$2:$F$2607,$A6,Monthly_Purchased!$B$2:$B$2607,E$2),4) -> 0 | F6: =ROUND(SUMIFS(Monthly_Purchased!$H$2:$H$2607,Monthly_Purchased!$F$2:$F$2607,$A6,Monthly_Purchased!$B$2:$B$2607,F$2),4) -> 0 | G6: =ROUND(SUMIFS(Monthly_Purchased!$H$2:$H$2607,Monthly_Purchased!$F$2:$F$2607,$A6,Monthly_Purchased!$B$2:$B$2607,G$2),4) -> 42.26 | H6: =ROUND(SUMIFS(Monthly_Purchased!$H$2:$H$2607,Monthly_Purchased!$F$2:$F$2607,$A6,Monthly_Purchased!$B$2:$B$2607,H$2),4) -> 0 | I6: =ROUND(SUM(B6:H6),4) -> 42.26 | J6: =RANK(I6,$I$3:$I$71,0)+COUNTIF($I$3:I6,I6)-1 -> 45 | K6: =RANK(B6,$B$3:$B$71,0)+COUNTIF($B$3:B6,B6)-1 -> 40 | L6: =RANK(C6,$C$3:$C$71,0)+COUNTIF($C$3:C6,C6)-1 -> 46 | M6: =RANK(D6,$D$3:$D$71,0)+COUNTIF($D$3:D6,D6)-1 -> 42 | N6: =RANK(E6,$E$3:$E$71,0)+COUNTIF($E$3:E6,E6)-1 -> 47 | O6: =RANK(F6,$F$3:$F$71,0)+COUNTIF($F$3:F6,F6)-1 -> 51 | P6: =RANK(G6,$G$3:$G$71,0)+COUNTIF($G$3:G6,G6)-1 -> 36 | Q6: =RANK(H6,$H$3:$H$71,0)+COUNTIF($H$3:H6,H6)-1 -> 49
A7: AM/NS INDIA (HAZIRA) | B7: =ROUND(SUMIFS(Monthly_Purchased!$H$2:$H$2607,Monthly_Purchased!$F$2:$F$2607,$A7,Monthly_Purchased!$B$2:$B$2607,B$2),4) -> 1010.68 | C7: =ROUND(SUMIFS(Monthly_Purchased!$H$2:$H$2607,Monthly_Purchased!$F$2:$F$2607,$A7,Monthly_Purchased!$B$2:$B$2607,C$2),4) -> 644.32 | D7: =ROUND(SUMIFS(Monthly_Purchased!$H$2:$H$2607,Monthly_Purchased!$F$2:$F$2607,$A7,Monthly_Purchased!$B$2:$B$2607,D$2),4) -> 1312.89 | E7: =ROUND(SUMIFS(Monthly_Purchased!$H$2:$H$2607,Monthly_Purchased!$F$2:$F$2607,$A7,Monthly_Purchased!$B$2:$B$2607,E$2),4) -> 624.23 | F7: =ROUND(SUMIFS(Monthly_Purchased!$H$2:$H$2607,Monthly_Purchased!$F$2:$F$2607,$A7,Monthly_Purchased!$B$2:$B$2607,F$2),4) -> 472.41 | G7: =ROUND(SUMIFS(Monthly_Purchased!$H$2:$H$2607,Monthly_Purchased!$F$2:$F$2607,$A7,Monthly_Purchased!$B$2:$B$2607,G$2),4) -> 607.23 | H7: =ROUND(SUMIFS(Monthly_Purchased!$H$2:$H$2607,Monthly_Purchased!$F$2:$F$2607,$A7,Monthly_Purchased!$B$2:$B$2607,H$2),4) -> 269.18 | I7: =ROUND(SUM(B7:H7),4) -> 4940.94 | J7: =RANK(I7,$I$3:$I$71,0)+COUNTIF($I$3:I7,I7)-1 -> 17 | K7: =RANK(B7,$B$3:$B$71,0)+COUNTIF($B$3:B7,B7)-1 -> 14 | L7: =RANK(C7,$C$3:$C$71,0)+COUNTIF($C$3:C7,C7)-1 -> 17 | M7: =RANK(D7,$D$3:$D$71,0)+COUNTIF($D$3:D7,D7)-1 -> 13 | N7: =RANK(E7,$E$3:$E$71,0)+COUNTIF($E$3:E7,E7)-1 -> 18 | O7: =RANK(F7,$F$3:$F$71,0)+COUNTIF($F$3:F7,F7)-1 -> 22 | P7: =RANK(G7,$G$3:$G$71,0)+COUNTIF($G$3:G7,G7)-1 -> 18 | Q7: =RANK(H7,$H$3:$H$71,0)+COUNTIF($H$3:H7,H7)-1 -> 17
A8: ANDHRA PRADESH | B8: =ROUND(SUMIFS(Monthly_Purchased!$H$2:$H$2607,Monthly_Purchased!$F$2:$F$2607,$A8,Monthly_Purchased!$B$2:$B$2607,B$2),4) -> 7046.25 | C8: =ROUND(SUMIFS(Monthly_Purchased!$H$2:$H$2607,Monthly_Purchased!$F$2:$F$2607,$A8,Monthly_Purchased!$B$2:$B$2607,C$2),4) -> 8888.06 | D8: =ROUND(SUMIFS(Monthly_Purchased!$H$2:$H$2607,Monthly_Purchased!$F$2:$F$2607,$A8,Monthly_Purchased!$B$2:$B$2607,D$2),4) -> 5392.83 | E8: =ROUND(SUMIFS(Monthly_Purchased!$H$2:$H$2607,Monthly_Purchased!$F$2:$F$2607,$A8,Monthly_Purchased!$B$2:$B$2607,E$2),4) -> 4236.12 | F8: =ROUND(SUMIFS(Monthly_Purchased!$H$2:$H$2607,Monthly_Purchased!$F$2:$F$2607,$A8,Monthly_Purchased!$B$2:$B$2607,F$2),4) -> 2658.28 | G8: =ROUND(SUMIFS(Monthly_Purchased!$H$2:$H$2607,Monthly_Purchased!$F$2:$F$2607,$A8,Monthly_Purchased!$B$2:$B$2607,G$2),4) -> 2468.6 | H8: =ROUND(SUMIFS(Monthly_Purchased!$H$2:$H$2607,Monthly_Purchased!$F$2:$F$2607,$A8,Monthly_Purchased!$B$2:$B$2607,H$2),4) -> 510.45 | I8: =ROUND(SUM(B8:H8),4) -> 31200.59 | J8: =RANK(I8,$I$3:$I$71,0)+COUNTIF($I$3:I8,I8)-1 -> 4 | K8: =RANK(B8,$B$3:$B$71,0)+COUNTIF($B$3:B8,B8)-1 -> 2 | L8: =RANK(C8,$C$3:$C$71,0)+COUNTIF($C$3:C8,C8)-1 -> 2 | M8: =RANK(D8,$D$3:$D$71,0)+COUNTIF($D$3:D8,D8)-1 -> 2 | N8: =RANK(E8,$E$3:$E$71,0)+COUNTIF($E$3:E8,E8)-1 -> 5 | O8: =RANK(F8,$F$3:$F$71,0)+COUNTIF($F$3:F8,F8)-1 -> 7 | P8: =RANK(G8,$G$3:$G$71,0)+COUNTIF($G$3:G8,G8)-1 -> 7 | Q8: =RANK(H8,$H$3:$H$71,0)+COUNTIF($H$3:H8,H8)-1 -> 11
A9: ARUNACHAL PRADESH | B9: =ROUND(SUMIFS(Monthly_Purchased!$H$2:$H$2607,Monthly_Purchased!$F$2:$F$2607,$A9,Monthly_Purchased!$B$2:$B$2607,B$2),4) -> 42.79 | C9: =ROUND(SUMIFS(Monthly_Purchased!$H$2:$H$2607,Monthly_Purchased!$F$2:$F$2607,$A9,Monthly_Purchased!$B$2:$B$2607,C$2),4) -> 25.16 | D9: =ROUND(SUMIFS(Monthly_Purchased!$H$2:$H$2607,Monthly_Purchased!$F$2:$F$2607,$A9,Monthly_Purchased!$B$2:$B$2607,D$2),4) -> 0.58 | E9: =ROUND(SUMIFS(Monthly_Purchased!$H$2:$H$2607,Monthly_Purchased!$F$2:$F$2607,$A9,Monthly_Purchased!$B$2:$B$2607,E$2),4) -> 7.25 | F9: =ROUND(SUMIFS(Monthly_Purchased!$H$2:$H$2607,Monthly_Purchased!$F$2:$F$2607,$A9,Monthly_Purchased!$B$2:$B$2607,F$2),4) -> 24.29 | G9: =ROUND(SUMIFS(Monthly_Purchased!$H$2:$H$2607,Monthly_Purchased!$F$2:$F$2607,$A9,Monthly_Purchased!$B$2:$B$2607,G$2),4) -> 12.43 | H9: =ROUND(SUMIFS(Monthly_Purchased!$H$2:$H$2607,Monthly_Purchased!$F$2:$F$2607,$A9,Monthly_Purchased!$B$2:$B$2607,H$2),4) -> 13.67 | I9: =ROUND(SUM(B9:H9),4) -> 126.17 | J9: =RANK(I9,$I$3:$I$71,0)+COUNTIF($I$3:I9,I9)-1 -> 38 | K9: =RANK(B9,$B$3:$B$71,0)+COUNTIF($B$3:B9,B9)-1 -> 28 | L9: =RANK(C9,$C$3:$C$71,0)+COUNTIF($C$3:C9,C9)-1 -> 32 | M9: =RANK(D9,$D$3:$D$71,0)+COUNTIF($D$3:D9,D9)-1 -> 38 | N9: =RANK(E9,$E$3:$E$71,0)+COUNTIF($E$3:E9,E9)-1 -> 38 | O9: =RANK(F9,$F$3:$F$71,0)+COUNTIF($F$3:F9,F9)-1 -> 38 | P9: =RANK(G9,$G$3:$G$71,0)+COUNTIF($G$3:G9,G9)-1 -> 45 | Q9: =RANK(H9,$H$3:$H$71,0)+COUNTIF($H$3:H9,H9)-1 -> 36
A10: ASSAM | B10: =ROUND(SUMIFS(Monthly_Purchased!$H$2:$H$2607,Monthly_Purchased!$F$2:$F$2607,$A10,Monthly_Purchased!$B$2:$B$2607,B$2),4) -> 673.89 | C10: =ROUND(SUMIFS(Monthly_Purchased!$H$2:$H$2607,Monthly_Purchased!$F$2:$F$2607,$A10,Monthly_Purchased!$B$2:$B$2607,C$2),4) -> 977.13 | D10: =ROUND(SUMIFS(Monthly_Purchased!$H$2:$H$2607,Monthly_Purchased!$F$2:$F$2607,$A10,Monthly_Purchased!$B$2:$B$2607,D$2),4) -> 909.48 | E10: =ROUND(SUMIFS(Monthly_Purchased!$H$2:$H$2607,Monthly_Purchased!$F$2:$F$2607,$A10,Monthly_Purchased!$B$2:$B$2607,E$2),4) -> 574 | F10: =ROUND(SUMIFS(Monthly_Purchased!$H$2:$H$2607,Monthly_Purchased!$F$2:$F$2607,$A10,Monthly_Purchased!$B$2:$B$2607,F$2),4) -> 73.26 | G10: =ROUND(SUMIFS(Monthly_Purchased!$H$2:$H$2607,Monthly_Purchased!$F$2:$F$2607,$A10,Monthly_Purchased!$B$2:$B$2607,G$2),4) -> 85.05 | H10: =ROUND(SUMIFS(Monthly_Purchased!$H$2:$H$2607,Monthly_Purchased!$F$2:$F$2607,$A10,Monthly_Purchased!$B$2:$B$2607,H$2),4) -> 12.71 | I10: =ROUND(SUM(B10:H10),4) -> 3305.52 | J10: =RANK(I10,$I$3:$I$71,0)+COUNTIF($I$3:I10,I10)-1 -> 23 | K10: =RANK(B10,$B$3:$B$71,0)+COUNTIF($B$3:B10,B10)-1 -> 17 | L10: =RANK(C10,$C$3:$C$71,0)+COUNTIF($C$3:C10,C10)-1 -> 14 | M10: =RANK(D10,$D$3:$D$71,0)+COUNTIF($D$3:D10,D10)-1 -> 16 | N10: =RANK(E10,$E$3:$E$71,0)+COUNTIF($E$3:E10,E10)-1 -> 20 | O10: =RANK(F10,$F$3:$F$71,0)+COUNTIF($F$3:F10,F10)-1 -> 33 | P10: =RANK(G10,$G$3:$G$71,0)+COUNTIF($G$3:G10,G10)-1 -> 30 | Q10: =RANK(H10,$H$3:$H$71,0)+COUNTIF($H$3:H10,H10)-1 -> 38
A11: BALCO | B11: =ROUND(SUMIFS(Monthly_Purchased!$H$2:$H$2607,Monthly_Purchased!$F$2:$F$2607,$A11,Monthly_Purchased!$B$2:$B$2607,B$2),4) -> 0 | C11: =ROUND(SUMIFS(Monthly_Purchased!$H$2:$H$2607,Monthly_Purchased!$F$2:$F$2607,$A11,Monthly_Purchased!$B$2:$B$2607,C$2),4) -> 21.88 | D11: =ROUND(SUMIFS(Monthly_Purchased!$H$2:$H$2607,Monthly_Purchased!$F$2:$F$2607,$A11,Monthly_Purchased!$B$2:$B$2607,D$2),4) -> 38.08 | E11: =ROUND(SUMIFS(Monthly_Purchased!$H$2:$H$2607,Monthly_Purchased!$F$2:$F$2607,$A11,Monthly_Purchased!$B$2:$B$2607,E$2),4) -> 21.824 | F11: =ROUND(SUMIFS(Monthly_Purchased!$H$2:$H$2607,Monthly_Purchased!$F$2:$F$2607,$A11,Monthly_Purchased!$B$2:$B$2607,F$2),4) -> 172.16 | G11: =ROUND(SUMIFS(Monthly_Purchased!$H$2:$H$2607,Monthly_Purchased!$F$2:$F$2607,$A11,Monthly_Purchased!$B$2:$B$2607,G$2),4) -> 13.31 | H11: =ROUND(SUMIFS(Monthly_Purchased!$H$2:$H$2607,Monthly_Purchased!$F$2:$F$2607,$A11,Monthly_Purchased!$B$2:$B$2607,H$2),4) -> 0.07 | I11: =ROUND(SUM(B11:H11),4) -> 267.324 | J11: =RANK(I11,$I$3:$I$71,0)+COUNTIF($I$3:I11,I11)-1 -> 34 | K11: =RANK(B11,$B$3:$B$71,0)+COUNTIF($B$3:B11,B11)-1 -> 41 | L11: =RANK(C11,$C$3:$C$71,0)+COUNTIF($C$3:C11,C11)-1 -> 33 | M11: =RANK(D11,$D$3:$D$71,0)+COUNTIF($D$3:D11,D11)-1 -> 32 | N11: =RANK(E11,$E$3:$E$71,0)+COUNTIF($E$3:E11,E11)-1 -> 35 | O11: =RANK(F11,$F$3:$F$71,0)+COUNTIF($F$3:F11,F11)-1 -> 27 | P11: =RANK(G11,$G$3:$G$71,0)+COUNTIF($G$3:G11,G11)-1 -> 44 | Q11: =RANK(H11,$H$3:$H$71,0)+COUNTIF($H$3:H11,H11)-1 -> 46
A12: BIHAR | B12: =ROUND(SUMIFS(Monthly_Purchased!$H$2:$H$2607,Monthly_Purchased!$F$2:$F$2607,$A12,Monthly_Purchased!$B$2:$B$2607,B$2),4) -> 1521.65 | C12: =ROUND(SUMIFS(Monthly_Purchased!$H$2:$H$2607,Monthly_Purchased!$F$2:$F$2607,$A12,Monthly_Purchased!$B$2:$B$2607,C$2),4) -> 1072.48 | D12: =ROUND(SUMIFS(Monthly_Purchased!$H$2:$H$2607,Monthly_Purchased!$F$2:$F$2607,$A12,Monthly_Purchased!$B$2:$B$2607,D$2),4) -> 147.65 | E12: =ROUND(SUMIFS(Monthly_Purchased!$H$2:$H$2607,Monthly_Purchased!$F$2:$F$2607,$A12,Monthly_Purchased!$B$2:$B$2607,E$2),4) -> 145.92 | F12: =ROUND(SUMIFS(Monthly_Purchased!$H$2:$H$2607,Monthly_Purchased!$F$2:$F$2607,$A12,Monthly_Purchased!$B$2:$B$2607,F$2),4) -> 286.88 | G12: =ROUND(SUMIFS(Monthly_Purchased!$H$2:$H$2607,Monthly_Purchased!$F$2:$F$2607,$A12,Monthly_Purchased!$B$2:$B$2607,G$2),4) -> 285.31 | H12: =ROUND(SUMIFS(Monthly_Purchased!$H$2:$H$2607,Monthly_Purchased!$F$2:$F$2607,$A12,Monthly_Purchased!$B$2:$B$2607,H$2),4) -> 94.37 | I12: =ROUND(SUM(B12:H12),4) -> 3554.26 | J12: =RANK(I12,$I$3:$I$71,0)+COUNTIF($I$3:I12,I12)-1 -> 22 | K12: =RANK(B12,$B$3:$B$71,0)+COUNTIF($B$3:B12,B12)-1 -> 12 | L12: =RANK(C12,$C$3:$C$71,0)+COUNTIF($C$3:C12,C12)-1 -> 13 | M12: =RANK(D12,$D$3:$D$71,0)+COUNTIF($D$3:D12,D12)-1 -> 27 | N12: =RANK(E12,$E$3:$E$71,0)+COUNTIF($E$3:E12,E12)-1 -> 28 | O12: =RANK(F12,$F$3:$F$71,0)+COUNTIF($F$3:F12,F12)-1 -> 24 | P12: =RANK(G12,$G$3:$G$71,0)+COUNTIF($G$3:G12,G12)-1 -> 25 | Q12: =RANK(H12,$H$3:$H$71,0)+COUNTIF($H$3:H12,H12)-1 -> 23
A13: CHANDIGARH | B13: =ROUND(SUMIFS(Monthly_Purchased!$H$2:$H$2607,Monthly_Purchased!$F$2:$F$2607,$A13,Monthly_Purchased!$B$2:$B$2607,B$2),4) -> 39.86 | C13: =ROUND(SUMIFS(Monthly_Purchased!$H$2:$H$2607,Monthly_Purchased!$F$2:$F$2607,$A13,Monthly_Purchased!$B$2:$B$2607,C$2),4) -> 31.34 | D13: =ROUND(SUMIFS(Monthly_Purchased!$H$2:$H$2607,Monthly_Purchased!$F$2:$F$2607,$A13,Monthly_Purchased!$B$2:$B$2607,D$2),4) -> 32.23 | E13: =ROUND(SUMIFS(Monthly_Purchased!$H$2:$H$2607,Monthly_Purchased!$F$2:$F$2607,$A13,Monthly_Purchased!$B$2:$B$2607,E$2),4) -> 27 | F13: =ROUND(SUMIFS(Monthly_Purchased!$H$2:$H$2607,Monthly_Purchased!$F$2:$F$2607,$A13,Monthly_Purchased!$B$2:$B$2607,F$2),4) -> 96.4 | G13: =ROUND(SUMIFS(Monthly_Purchased!$H$2:$H$2607,Monthly_Purchased!$F$2:$F$2607,$A13,Monthly_Purchased!$B$2:$B$2607,G$2),4) -> 53.88 | H13: =ROUND(SUMIFS(Monthly_Purchased!$H$2:$H$2607,Monthly_Purchased!$F$2:$F$2607,$A13,Monthly_Purchased!$B$2:$B$2607,H$2),4) -> 20.39 | I13: =ROUND(SUM(B13:H13),4) -> 301.1 | J13: =RANK(I13,$I$3:$I$71,0)+COUNTIF($I$3:I13,I13)-1 -> 33 | K13: =RANK(B13,$B$3:$B$71,0)+COUNTIF($B$3:B13,B13)-1 -> 29 | L13: =RANK(C13,$C$3:$C$71,0)+COUNTIF($C$3:C13,C13)-1 -> 31 | M13: =RANK(D13,$D$3:$D$71,0)+COUNTIF($D$3:D13,D13)-1 -> 33 | N13: =RANK(E13,$E$3:$E$71,0)+COUNTIF($E$3:E13,E13)-1 -> 32 | O13: =RANK(F13,$F$3:$F$71,0)+COUNTIF($F$3:F13,F13)-1 -> 29 | P13: =RANK(G13,$G$3:$G$71,0)+COUNTIF($G$3:G13,G13)-1 -> 33 | Q13: =RANK(H13,$H$3:$H$71,0)+COUNTIF($H$3:H13,H13)-1 -> 33
A14: CHHATTISGARH | B14: =ROUND(SUMIFS(Monthly_Purchased!$H$2:$H$2607,Monthly_Purchased!$F$2:$F$2607,$A14,Monthly_Purchased!$B$2:$B$2607,B$2),4) -> 301.66 | C14: =ROUND(SUMIFS(Monthly_Purchased!$H$2:$H$2607,Monthly_Purchased!$F$2:$F$2607,$A14,Monthly_Purchased!$B$2:$B$2607,C$2),4) -> 364.02 | D14: =ROUND(SUMIFS(Monthly_Purchased!$H$2:$H$2607,Monthly_Purchased!$F$2:$F$2607,$A14,Monthly_Purchased!$B$2:$B$2607,D$2),4) -> 272.5 | E14: =ROUND(SUMIFS(Monthly_Purchased!$H$2:$H$2607,Monthly_Purchased!$F$2:$F$2607,$A14,Monthly_Purchased!$B$2:$B$2607,E$2),4) -> 118.01 | F14: =ROUND(SUMIFS(Monthly_Purchased!$H$2:$H$2607,Monthly_Purchased!$F$2:$F$2607,$A14,Monthly_Purchased!$B$2:$B$2607,F$2),4) -> 502.36 | G14: =ROUND(SUMIFS(Monthly_Purchased!$H$2:$H$2607,Monthly_Purchased!$F$2:$F$2607,$A14,Monthly_Purchased!$B$2:$B$2607,G$2),4) -> 460.44 | H14: =ROUND(SUMIFS(Monthly_Purchased!$H$2:$H$2607,Monthly_Purchased!$F$2:$F$2607,$A14,Monthly_Purchased!$B$2:$B$2607,H$2),4) -> 42.72 | I14: =ROUND(SUM(B14:H14),4) -> 2061.71 | J14: =RANK(I14,$I$3:$I$71,0)+COUNTIF($I$3:I14,I14)-1 -> 24 | K14: =RANK(B14,$B$3:$B$71,0)+COUNTIF($B$3:B14,B14)-1 -> 22 | L14: =RANK(C14,$C$3:$C$71,0)+COUNTIF($C$3:C14,C14)-1 -> 21 | M14: =RANK(D14,$D$3:$D$71,0)+COUNTIF($D$3:D14,D14)-1 -> 22 | N14: =RANK(E14,$E$3:$E$71,0)+COUNTIF($E$3:E14,E14)-1 -> 30 | O14: =RANK(F14,$F$3:$F$71,0)+COUNTIF($F$3:F14,F14)-1 -> 21 | P14: =RANK(G14,$G$3:$G$71,0)+COUNTIF($G$3:G14,G14)-1 -> 21 | Q14: =RANK(H14,$H$3:$H$71,0)+COUNTIF($H$3:H14,H14)-1 -> 30
... A71: WEST BENGAL | B71: =ROUND(SUMIFS(Monthly_Purchased!$H$2:$H$2607,Monthly_Purchased!$F$2:$F$2607,$A71,Monthly_Purchased!$B$2:$B$2607,B$2),4) -> 507.71 | C71: =ROUND(SUMIFS(Monthly_Purchased!$H$2:$H$2607,Monthly_Purchased!$F$2:$F$2607,$A71,Monthly_Purchased!$B$2:$B$2607,C$2),4) -> 344.61 | D71: =ROUND(SUMIFS(Monthly_Purchased!$H$2:$H$2607,Monthly_Purchased!$F$2:$F$2607,$A71,Monthly_Purchased!$B$2:$B$2607,D$2),4) -> 2192.79 | E71: =ROUND(SUMIFS(Monthly_Purchased!$H$2:$H$2607,Monthly_Purchased!$F$2:$F$2607,$A71,Monthly_Purchased!$B$2:$B$2607,E$2),4) -> 4423.75 | F71: =ROUND(SUMIFS(Monthly_Purchased!$H$2:$H$2607,Monthly_Purchased!$F$2:$F$2607,$A71,Monthly_Purchased!$B$2:$B$2607,F$2),4) -> 1827.2 | G71: =ROUND(SUMIFS(Monthly_Purchased!$H$2:$H$2607,Monthly_Purchased!$F$2:$F$2607,$A71,Monthly_Purchased!$B$2:$B$2607,G$2),4) -> 5582.47 | H71: =ROUND(SUMIFS(Monthly_Purchased!$H$2:$H$2607,Monthly_Purchased!$F$2:$F$2607,$A71,Monthly_Purchased!$B$2:$B$2607,H$2),4) -> 2049.72 | I71: =ROUND(SUM(B71:H71),4) -> 16928.25 | J71: =RANK(I71,$I$3:$I$71,0)+COUNTIF($I$3:I71,I71)-1 -> 8 | K71: =RANK(B71,$B$3:$B$71,0)+COUNTIF($B$3:B71,B71)-1 -> 18 | L71: =RANK(C71,$C$3:$C$71,0)+COUNTIF($C$3:C71,C71)-1 -> 22 | M71: =RANK(D71,$D$3:$D$71,0)+COUNTIF($D$3:D71,D71)-1 -> 10 | N71: =RANK(E71,$E$3:$E$71,0)+COUNTIF($E$3:E71,E71)-1 -> 4 | O71: =RANK(F71,$F$3:$F$71,0)+COUNTIF($F$3:F71,F71)-1 -> 10 | P71: =RANK(G71,$G$3:$G$71,0)+COUNTIF($G$3:G71,G71)-1 -> 4 | Q71: =RANK(H71,$H$3:$H$71,0)+COUNTIF($H$3:H71,H71)-1 -> 3
A72: TOTAL | B72: =SUM(B3:B71) -> 56426.33 | C72: =SUM(C3:C71) -> 65677.32 | D72: =SUM(D3:D71) -> 53792.61 | E72: =SUM(E3:E71) -> 52878.656 | F72: =SUM(F3:F71) -> 59306.63 | G72: =SUM(G3:G71) -> 60454.494 | H72: =SUM(H3:H71) -> 19585.15 | I72: =SUM(I3:I71) -> 368121.19
A73: Check vs Monthly (should be OK) | B73: =IF(ABS(B72-SUMIFS(Monthly_Purchased!$H$2:$H$2607,Monthly_Purchased!$B$2:$B$2607,B$2))<0.01,"OK","MISMATCH") -> OK | C73: =IF(ABS(C72-SUMIFS(Monthly_Purchased!$H$2:$H$2607,Monthly_Purchased!$B$2:$B$2607,C$2))<0.01,"OK","MISMATCH") -> OK | D73: =IF(ABS(D72-SUMIFS(Monthly_Purchased!$H$2:$H$2607,Monthly_Purchased!$B$2:$B$2607,D$2))<0.01,"OK","MISMATCH") -> OK | E73: =IF(ABS(E72-SUMIFS(Monthly_Purchased!$H$2:$H$2607,Monthly_Purchased!$B$2:$B$2607,E$2))<0.01,"OK","MISMATCH") -> OK | F73: =IF(ABS(F72-SUMIFS(Monthly_Purchased!$H$2:$H$2607,Monthly_Purchased!$B$2:$B$2607,F$2))<0.01,"OK","MISMATCH") -> OK | G73: =IF(ABS(G72-SUMIFS(Monthly_Purchased!$H$2:$H$2607,Monthly_Purchased!$B$2:$B$2607,G$2))<0.01,"OK","MISMATCH") -> OK | H73: =IF(ABS(H72-SUMIFS(Monthly_Purchased!$H$2:$H$2607,Monthly_Purchased!$B$2:$B$2607,H$2))<0.01,"OK","MISMATCH") -> OK | I73: =IF(ABS(I72-SUM(Monthly_Purchased!$H$2:$H$2607))<0.01,"OK","MISMATCH") -> OK

Sheet Top15_Purchased_CY
A1: PURCHASED in DAM - top 15 players by TOTAL volume over the whole period (MU), from Annual_Purchased_CY | I1: 2026-01 to 2026-03 only
A2: Rank | B2: Player | C2: 2020 | D2: 2021 | E2: 2022 | F2: 2023 | G2: 2024 | H2: 2025 | I2: 2026 | J2: TOTAL
A3: 1 | B3: =INDEX(Annual_Purchased_CY!$A$3:$A$71,MATCH(A3,Annual_Purchased_CY!$J$3:$J$71,0)) -> GUJARAT | C3: =INDEX(Annual_Purchased_CY!$B$3:$B$71,MATCH($B3,Annual_Purchased_CY!$A$3:$A$71,0)) -> 6460.98 | D3: =INDEX(Annual_Purchased_CY!$C$3:$C$71,MATCH($B3,Annual_Purchased_CY!$A$3:$A$71,0)) -> 15447.25 | E3: =INDEX(Annual_Purchased_CY!$D$3:$D$71,MATCH($B3,Annual_Purchased_CY!$A$3:$A$71,0)) -> 9169.02 | F3: =INDEX(Annual_Purchased_CY!$E$3:$E$71,MATCH($B3,Annual_Purchased_CY!$A$3:$A$71,0)) -> 8901.45 | G3: =INDEX(Annual_Purchased_CY!$F$3:$F$71,MATCH($B3,Annual_Purchased_CY!$A$3:$A$71,0)) -> 8835.37 | H3: =INDEX(Annual_Purchased_CY!$G$3:$G$71,MATCH($B3,Annual_Purchased_CY!$A$3:$A$71,0)) -> 10872.92 | I3: =INDEX(Annual_Purchased_CY!$H$3:$H$71,MATCH($B3,Annual_Purchased_CY!$A$3:$A$71,0)) -> 3372.16 | J3: =INDEX(Annual_Purchased_CY!$I$3:$I$71,MATCH($B3,Annual_Purchased_CY!$A$3:$A$71,0)) -> 63059.15
A4: 2 | B4: =INDEX(Annual_Purchased_CY!$A$3:$A$71,MATCH(A4,Annual_Purchased_CY!$J$3:$J$71,0)) -> TELANGANA | C4: =INDEX(Annual_Purchased_CY!$B$3:$B$71,MATCH($B4,Annual_Purchased_CY!$A$3:$A$71,0)) -> 6608.8 | D4: =INDEX(Annual_Purchased_CY!$C$3:$C$71,MATCH($B4,Annual_Purchased_CY!$A$3:$A$71,0)) -> 5170.85 | E4: =INDEX(Annual_Purchased_CY!$D$3:$D$71,MATCH($B4,Annual_Purchased_CY!$A$3:$A$71,0)) -> 4176.96 | F4: =INDEX(Annual_Purchased_CY!$E$3:$E$71,MATCH($B4,Annual_Purchased_CY!$A$3:$A$71,0)) -> 6192.82 | G4: =INDEX(Annual_Purchased_CY!$F$3:$F$71,MATCH($B4,Annual_Purchased_CY!$A$3:$A$71,0)) -> 12124.25 | H4: =INDEX(Annual_Purchased_CY!$G$3:$G$71,MATCH($B4,Annual_Purchased_CY!$A$3:$A$71,0)) -> 11663.02 | I4: =INDEX(Annual_Purchased_CY!$H$3:$H$71,MATCH($B4,Annual_Purchased_CY!$A$3:$A$71,0)) -> 3910.73 | J4: =INDEX(Annual_Purchased_CY!$I$3:$I$71,MATCH($B4,Annual_Purchased_CY!$A$3:$A$71,0)) -> 49847.43
A5: 3 | B5: =INDEX(Annual_Purchased_CY!$A$3:$A$71,MATCH(A5,Annual_Purchased_CY!$J$3:$J$71,0)) -> MAHARASHTRA | C5: =INDEX(Annual_Purchased_CY!$B$3:$B$71,MATCH($B5,Annual_Purchased_CY!$A$3:$A$71,0)) -> 8058.03 | D5: =INDEX(Annual_Purchased_CY!$C$3:$C$71,MATCH($B5,Annual_Purchased_CY!$A$3:$A$71,0)) -> 5669.74 | E5: =INDEX(Annual_Purchased_CY!$D$3:$D$71,MATCH($B5,Annual_Purchased_CY!$A$3:$A$71,0)) -> 3696.3 | F5: =INDEX(Annual_Purchased_CY!$E$3:$E$71,MATCH($B5,Annual_Purchased_CY!$A$3:$A$71,0)) -> 5404.13 | G5: =INDEX(Annual_Purchased_CY!$F$3:$F$71,MATCH($B5,Annual_Purchased_CY!$A$3:$A$71,0)) -> 3837.63 | H5: =INDEX(Annual_Purchased_CY!$G$3:$G$71,MATCH($B5,Annual_Purchased_CY!$A$3:$A$71,0)) -> 6583.13 | I5: =INDEX(Annual_Purchased_CY!$H$3:$H$71,MATCH($B5,Annual_Purchased_CY!$A$3:$A$71,0)) -> 1175.37 | J5: =INDEX(Annual_Purchased_CY!$I$3:$I$71,MATCH($B5,Annual_Purchased_CY!$A$3:$A$71,0)) -> 34424.33
A6: 4 | B6: =INDEX(Annual_Purchased_CY!$A$3:$A$71,MATCH(A6,Annual_Purchased_CY!$J$3:$J$71,0)) -> ANDHRA PRADESH | C6: =INDEX(Annual_Purchased_CY!$B$3:$B$71,MATCH($B6,Annual_Purchased_CY!$A$3:$A$71,0)) -> 7046.25 | D6: =INDEX(Annual_Purchased_CY!$C$3:$C$71,MATCH($B6,Annual_Purchased_CY!$A$3:$A$71,0)) -> 8888.06 | E6: =INDEX(Annual_Purchased_CY!$D$3:$D$71,MATCH($B6,Annual_Purchased_CY!$A$3:$A$71,0)) -> 5392.83 | F6: =INDEX(Annual_Purchased_CY!$E$3:$E$71,MATCH($B6,Annual_Purchased_CY!$A$3:$A$71,0)) -> 4236.12 | G6: =INDEX(Annual_Purchased_CY!$F$3:$F$71,MATCH($B6,Annual_Purchased_CY!$A$3:$A$71,0)) -> 2658.28 | H6: =INDEX(Annual_Purchased_CY!$G$3:$G$71,MATCH($B6,Annual_Purchased_CY!$A$3:$A$71,0)) -> 2468.6 | I6: =INDEX(Annual_Purchased_CY!$H$3:$H$71,MATCH($B6,Annual_Purchased_CY!$A$3:$A$71,0)) -> 510.45 | J6: =INDEX(Annual_Purchased_CY!$I$3:$I$71,MATCH($B6,Annual_Purchased_CY!$A$3:$A$71,0)) -> 31200.59
A7: 5 | B7: =INDEX(Annual_Purchased_CY!$A$3:$A$71,MATCH(A7,Annual_Purchased_CY!$J$3:$J$71,0)) -> TAMIL NADU | C7: =INDEX(Annual_Purchased_CY!$B$3:$B$71,MATCH($B7,Annual_Purchased_CY!$A$3:$A$71,0)) -> 3964.36 | D7: =INDEX(Annual_Purchased_CY!$C$3:$C$71,MATCH($B7,Annual_Purchased_CY!$A$3:$A$71,0)) -> 5088.41 | E7: =INDEX(Annual_Purchased_CY!$D$3:$D$71,MATCH($B7,Annual_Purchased_CY!$A$3:$A$71,0)) -> 4127.47 | F7: =INDEX(Annual_Purchased_CY!$E$3:$E$71,MATCH($B7,Annual_Purchased_CY!$A$3:$A$71,0)) -> 1900.91 | G7: =INDEX(Annual_Purchased_CY!$F$3:$F$71,MATCH($B7,Annual_Purchased_CY!$A$3:$A$71,0)) -> 2592.55 | H7: =INDEX(Annual_Purchased_CY!$G$3:$G$71,MATCH($B7,Annual_Purchased_CY!$A$3:$A$71,0)) -> 2623.29 | I7: =INDEX(Annual_Purchased_CY!$H$3:$H$71,MATCH($B7,Annual_Purchased_CY!$A$3:$A$71,0)) -> 605.46 | J7: =INDEX(Annual_Purchased_CY!$I$3:$I$71,MATCH($B7,Annual_Purchased_CY!$A$3:$A$71,0)) -> 20902.45
A8: 6 | B8: =INDEX(Annual_Purchased_CY!$A$3:$A$71,MATCH(A8,Annual_Purchased_CY!$J$3:$J$71,0)) -> PUNJAB | C8: =INDEX(Annual_Purchased_CY!$B$3:$B$71,MATCH($B8,Annual_Purchased_CY!$A$3:$A$71,0)) -> 3537.9 | D8: =INDEX(Annual_Purchased_CY!$C$3:$C$71,MATCH($B8,Annual_Purchased_CY!$A$3:$A$71,0)) -> 4809.92 | E8: =INDEX(Annual_Purchased_CY!$D$3:$D$71,MATCH($B8,Annual_Purchased_CY!$A$3:$A$71,0)) -> 2826.62 | F8: =INDEX(Annual_Purchased_CY!$E$3:$E$71,MATCH($B8,Annual_Purchased_CY!$A$3:$A$71,0)) -> 2983.87 | G8: =INDEX(Annual_Purchased_CY!$F$3:$F$71,MATCH($B8,Annual_Purchased_CY!$A$3:$A$71,0)) -> 3205.87 | H8: =INDEX(Annual_Purchased_CY!$G$3:$G$71,MATCH($B8,Annual_Purchased_CY!$A$3:$A$71,0)) -> 1736.26 | I8: =INDEX(Annual_Purchased_CY!$H$3:$H$71,MATCH($B8,Annual_Purchased_CY!$A$3:$A$71,0)) -> 495.2 | J8: =INDEX(Annual_Purchased_CY!$I$3:$I$71,MATCH($B8,Annual_Purchased_CY!$A$3:$A$71,0)) -> 19595.64
A9: 7 | B9: =INDEX(Annual_Purchased_CY!$A$3:$A$71,MATCH(A9,Annual_Purchased_CY!$J$3:$J$71,0)) -> UTTAR PRADESH | C9: =INDEX(Annual_Purchased_CY!$B$3:$B$71,MATCH($B9,Annual_Purchased_CY!$A$3:$A$71,0)) -> 2290.11 | D9: =INDEX(Annual_Purchased_CY!$C$3:$C$71,MATCH($B9,Annual_Purchased_CY!$A$3:$A$71,0)) -> 2164.85 | E9: =INDEX(Annual_Purchased_CY!$D$3:$D$71,MATCH($B9,Annual_Purchased_CY!$A$3:$A$71,0)) -> 3380.9 | F9: =INDEX(Annual_Purchased_CY!$E$3:$E$71,MATCH($B9,Annual_Purchased_CY!$A$3:$A$71,0)) -> 2878.16 | G9: =INDEX(Annual_Purchased_CY!$F$3:$F$71,MATCH($B9,Annual_Purchased_CY!$A$3:$A$71,0)) -> 3725.9 | H9: =INDEX(Annual_Purchased_CY!$G$3:$G$71,MATCH($B9,Annual_Purchased_CY!$A$3:$A$71,0)) -> 3283.13 | I9: =INDEX(Annual_Purchased_CY!$H$3:$H$71,MATCH($B9,Annual_Purchased_CY!$A$3:$A$71,0)) -> 791.95 | J9: =INDEX(Annual_Purchased_CY!$I$3:$I$71,MATCH($B9,Annual_Purchased_CY!$A$3:$A$71,0)) -> 18515
A10: 8 | B10: =INDEX(Annual_Purchased_CY!$A$3:$A$71,MATCH(A10,Annual_Purchased_CY!$J$3:$J$71,0)) -> WEST BENGAL | C10: =INDEX(Annual_Purchased_CY!$B$3:$B$71,MATCH($B10,Annual_Purchased_CY!$A$3:$A$71,0)) -> 507.71 | D10: =INDEX(Annual_Purchased_CY!$C$3:$C$71,MATCH($B10,Annual_Purchased_CY!$A$3:$A$71,0)) -> 344.61 | E10: =INDEX(Annual_Purchased_CY!$D$3:$D$71,MATCH($B10,Annual_Purchased_CY!$A$3:$A$71,0)) -> 2192.79 | F10: =INDEX(Annual_Purchased_CY!$E$3:$E$71,MATCH($B10,Annual_Purchased_CY!$A$3:$A$71,0)) -> 4423.75 | G10: =INDEX(Annual_Purchased_CY!$F$3:$F$71,MATCH($B10,Annual_Purchased_CY!$A$3:$A$71,0)) -> 1827.2 | H10: =INDEX(Annual_Purchased_CY!$G$3:$G$71,MATCH($B10,Annual_Purchased_CY!$A$3:$A$71,0)) -> 5582.47 | I10: =INDEX(Annual_Purchased_CY!$H$3:$H$71,MATCH($B10,Annual_Purchased_CY!$A$3:$A$71,0)) -> 2049.72 | J10: =INDEX(Annual_Purchased_CY!$I$3:$I$71,MATCH($B10,Annual_Purchased_CY!$A$3:$A$71,0)) -> 16928.25
A11: 9 | B11: =INDEX(Annual_Purchased_CY!$A$3:$A$71,MATCH(A11,Annual_Purchased_CY!$J$3:$J$71,0)) -> RAJASTHAN | C11: =INDEX(Annual_Purchased_CY!$B$3:$B$71,MATCH($B11,Annual_Purchased_CY!$A$3:$A$71,0)) -> 2479.18 | D11: =INDEX(Annual_Purchased_CY!$C$3:$C$71,MATCH($B11,Annual_Purchased_CY!$A$3:$A$71,0)) -> 2777.86 | E11: =INDEX(Annual_Purchased_CY!$D$3:$D$71,MATCH($B11,Annual_Purchased_CY!$A$3:$A$71,0)) -> 3193.04 | F11: =INDEX(Annual_Purchased_CY!$E$3:$E$71,MATCH($B11,Annual_Purchased_CY!$A$3:$A$71,0)) -> 2236.65 | G11: =INDEX(Annual_Purchased_CY!$F$3:$F$71,MATCH($B11,Annual_Purchased_CY!$A$3:$A$71,0)) -> 3538.04 | H11: =INDEX(Annual_Purchased_CY!$G$3:$G$71,MATCH($B11,Annual_Purchased_CY!$A$3:$A$71,0)) -> 1207.8 | I11: =INDEX(Annual_Purchased_CY!$H$3:$H$71,MATCH($B11,Annual_Purchased_CY!$A$3:$A$71,0)) -> 467.3 | J11: =INDEX(Annual_Purchased_CY!$I$3:$I$71,MATCH($B11,Annual_Purchased_CY!$A$3:$A$71,0)) -> 15899.87
A12: 10 | B12: =INDEX(Annual_Purchased_CY!$A$3:$A$71,MATCH(A12,Annual_Purchased_CY!$J$3:$J$71,0)) -> HARYANA | C12: =INDEX(Annual_Purchased_CY!$B$3:$B$71,MATCH($B12,Annual_Purchased_CY!$A$3:$A$71,0)) -> 2721.12 | D12: =INDEX(Annual_Purchased_CY!$C$3:$C$71,MATCH($B12,Annual_Purchased_CY!$A$3:$A$71,0)) -> 3040.68 | E12: =INDEX(Annual_Purchased_CY!$D$3:$D$71,MATCH($B12,Annual_Purchased_CY!$A$3:$A$71,0)) -> 2667.27 | F12: =INDEX(Annual_Purchased_CY!$E$3:$E$71,MATCH($B12,Annual_Purchased_CY!$A$3:$A$71,0)) -> 991.87 | G12: =INDEX(Annual_Purchased_CY!$F$3:$F$71,MATCH($B12,Annual_Purchased_CY!$A$3:$A$71,0)) -> 1288.51 | H12: =INDEX(Annual_Purchased_CY!$G$3:$G$71,MATCH($B12,Annual_Purchased_CY!$A$3:$A$71,0)) -> 396.78 | I12: =INDEX(Annual_Purchased_CY!$H$3:$H$71,MATCH($B12,Annual_Purchased_CY!$A$3:$A$71,0)) -> 87.07 | J12: =INDEX(Annual_Purchased_CY!$I$3:$I$71,MATCH($B12,Annual_Purchased_CY!$A$3:$A$71,0)) -> 11193.3
A13: 11 | B13: =INDEX(Annual_Purchased_CY!$A$3:$A$71,MATCH(A13,Annual_Purchased_CY!$J$3:$J$71,0)) -> UTTARAKHAND | C13: =INDEX(Annual_Purchased_CY!$B$3:$B$71,MATCH($B13,Annual_Purchased_CY!$A$3:$A$71,0)) -> 1754.74 | D13: =INDEX(Annual_Purchased_CY!$C$3:$C$71,MATCH($B13,Annual_Purchased_CY!$A$3:$A$71,0)) -> 1363.74 | E13: =INDEX(Annual_Purchased_CY!$D$3:$D$71,MATCH($B13,Annual_Purchased_CY!$A$3:$A$71,0)) -> 1514.38 | F13: =INDEX(Annual_Purchased_CY!$E$3:$E$71,MATCH($B13,Annual_Purchased_CY!$A$3:$A$71,0)) -> 1345.48 | G13: =INDEX(Annual_Purchased_CY!$F$3:$F$71,MATCH($B13,Annual_Purchased_CY!$A$3:$A$71,0)) -> 2141.38 | H13: =INDEX(Annual_Purchased_CY!$G$3:$G$71,MATCH($B13,Annual_Purchased_CY!$A$3:$A$71,0)) -> 1434.15 | I13: =INDEX(Annual_Purchased_CY!$H$3:$H$71,MATCH($B13,Annual_Purchased_CY!$A$3:$A$71,0)) -> 665.29 | J13: =INDEX(Annual_Purchased_CY!$I$3:$I$71,MATCH($B13,Annual_Purchased_CY!$A$3:$A$71,0)) -> 10219.16
A14: 12 | B14: =INDEX(Annual_Purchased_CY!$A$3:$A$71,MATCH(A14,Annual_Purchased_CY!$J$3:$J$71,0)) -> JAMMU & KASHMIR | C14: =INDEX(Annual_Purchased_CY!$B$3:$B$71,MATCH($B14,Annual_Purchased_CY!$A$3:$A$71,0)) -> 1481.93 | D14: =INDEX(Annual_Purchased_CY!$C$3:$C$71,MATCH($B14,Annual_Purchased_CY!$A$3:$A$71,0)) -> 1844.08 | E14: =INDEX(Annual_Purchased_CY!$D$3:$D$71,MATCH($B14,Annual_Purchased_CY!$A$3:$A$71,0)) -> 2117.7 | F14: =INDEX(Annual_Purchased_CY!$E$3:$E$71,MATCH($B14,Annual_Purchased_CY!$A$3:$A$71,0)) -> 2535.13 | G14: =INDEX(Annual_Purchased_CY!$F$3:$F$71,MATCH($B14,Annual_Purchased_CY!$A$3:$A$71,0)) -> 1542.73 | H14: =INDEX(Annual_Purchased_CY!$G$3:$G$71,MATCH($B14,Annual_Purchased_CY!$A$3:$A$71,0)) -> 294.33 | I14: =INDEX(Annual_Purchased_CY!$H$3:$H$71,MATCH($B14,Annual_Purchased_CY!$A$3:$A$71,0)) -> 65.76 | J14: =INDEX(Annual_Purchased_CY!$I$3:$I$71,MATCH($B14,Annual_Purchased_CY!$A$3:$A$71,0)) -> 9881.66
... A17: 15 | B17: =INDEX(Annual_Purchased_CY!$A$3:$A$71,MATCH(A17,Annual_Purchased_CY!$J$3:$J$71,0)) -> KARNATAKA | C17: =INDEX(Annual_Purchased_CY!$B$3:$B$71,MATCH($B17,Annual_Purchased_CY!$A$3:$A$71,0)) -> 907.26 | D17: =INDEX(Annual_Purchased_CY!$C$3:$C$71,MATCH($B17,Annual_Purchased_CY!$A$3:$A$71,0)) -> 485.26 | E17: =INDEX(Annual_Purchased_CY!$D$3:$D$71,MATCH($B17,Annual_Purchased_CY!$A$3:$A$71,0)) -> 737.51 | F17: =INDEX(Annual_Purchased_CY!$E$3:$E$71,MATCH($B17,Annual_Purchased_CY!$A$3:$A$71,0)) -> 816.15 | G17: =INDEX(Annual_Purchased_CY!$F$3:$F$71,MATCH($B17,Annual_Purchased_CY!$A$3:$A$71,0)) -> 1013.63 | H17: =INDEX(Annual_Purchased_CY!$G$3:$G$71,MATCH($B17,Annual_Purchased_CY!$A$3:$A$71,0)) -> 1787.51 | I17: =INDEX(Annual_Purchased_CY!$H$3:$H$71,MATCH($B17,Annual_Purchased_CY!$A$3:$A$71,0)) -> 713.69 | J17: =INDEX(Annual_Purchased_CY!$I$3:$I$71,MATCH($B17,Annual_Purchased_CY!$A$3:$A$71,0)) -> 6461.01
A18: =COUNTIF(Annual_Purchased_CY!$I$3:$I$71,">0")-15 -> 54 | B18: ="OTHERS ("&A18&" players)" -> OTHERS (54 players) | C18: =C19-SUM(C3:C17) -> 5781.65 | D18: =D19-SUM(D3:D17) -> 6898.07 | E18: =E19-SUM(E3:E17) -> 6923.36 | F18: =F19-SUM(F3:F17) -> 6744.746 | G18: =G19-SUM(G3:G17) -> 8304.18 | H18: =H19-SUM(H3:H17) -> 8207.154 | I18: =I19-SUM(I3:I17) -> 4101 | J18: =J19-SUM(J3:J17) -> 46960.16
B19: TOTAL | C19: =Annual_Purchased_CY!B72 -> 56426.33 | D19: =Annual_Purchased_CY!C72 -> 65677.32 | E19: =Annual_Purchased_CY!D72 -> 53792.61 | F19: =Annual_Purchased_CY!E72 -> 52878.656 | G19: =Annual_Purchased_CY!F72 -> 59306.63 | H19: =Annual_Purchased_CY!G72 -> 60454.494 | I19: =Annual_Purchased_CY!H72 -> 19585.15 | J19: =Annual_Purchased_CY!I72 -> 368121.19
B20: Check: top15 + Others = Annual total | C20: =IF(ABS(SUM(C3:C18)-C19)<0.01,"OK","MISMATCH") -> OK | D20: =IF(ABS(SUM(D3:D18)-D19)<0.01,"OK","MISMATCH") -> OK | E20: =IF(ABS(SUM(E3:E18)-E19)<0.01,"OK","MISMATCH") -> OK | F20: =IF(ABS(SUM(F3:F18)-F19)<0.01,"OK","MISMATCH") -> OK | G20: =IF(ABS(SUM(G3:G18)-G19)<0.01,"OK","MISMATCH") -> OK | H20: =IF(ABS(SUM(H3:H18)-H19)<0.01,"OK","MISMATCH") -> OK | I20: =IF(ABS(SUM(I3:I18)-I19)<0.01,"OK","MISMATCH") -> OK | J20: =IF(ABS(SUM(J3:J18)-J19)<0.01,"OK","MISMATCH") -> OK
A22: Share of period total (%)
A23: Rank | B23: Player | C23: 2020 | D23: 2021 | E23: 2022 | F23: 2023 | G23: 2024 | H23: 2025 | I23: 2026 | J23: TOTAL
A24: =A3 -> 1 | B24: =B3 -> GUJARAT | C24: =IF(C$19=0,0,C3/C$19*100) -> 11.450293 | D24: =IF(D$19=0,0,D3/D$19*100) -> 23.519915 | E24: =IF(E$19=0,0,E3/E$19*100) -> 17.045129 | F24: =IF(F$19=0,0,F3/F$19*100) -> 16.83373 | G24: =IF(G$19=0,0,G3/G$19*100) -> 14.897778 | H24: =IF(H$19=0,0,H3/H$19*100) -> 17.985297 | I24: =IF(I$19=0,0,I3/I$19*100) -> 17.217943 | J24: =IF(J$19=0,0,J3/J$19*100) -> 17.129997
A25: =A4 -> 2 | B25: =B4 -> TELANGANA | C25: =IF(C$19=0,0,C4/C$19*100) -> 11.712263 | D25: =IF(D$19=0,0,D4/D$19*100) -> 7.8731136 | E25: =IF(E$19=0,0,E4/E$19*100) -> 7.7649328 | F25: =IF(F$19=0,0,F4/F$19*100) -> 11.711379 | G25: =IF(G$19=0,0,G4/G$19*100) -> 20.44333 | H25: =IF(H$19=0,0,H4/H$19*100) -> 19.29223 | I25: =IF(I$19=0,0,I4/I$19*100) -> 19.967833 | J25: =IF(J$19=0,0,J4/J$19*100) -> 13.541038
A26: =A5 -> 3 | B26: =B5 -> MAHARASHTRA | C26: =IF(C$19=0,0,C5/C$19*100) -> 14.28062 | D26: =IF(D$19=0,0,D5/D$19*100) -> 8.6327213 | E26: =IF(E$19=0,0,E5/E$19*100) -> 6.87139 | F26: =IF(F$19=0,0,F5/F$19*100) -> 10.21987 | G26: =IF(G$19=0,0,G5/G$19*100) -> 6.470828 | H26: =IF(H$19=0,0,H5/H$19*100) -> 10.889397 | I26: =IF(I$19=0,0,I5/I$19*100) -> 6.0013326 | J26: =IF(J$19=0,0,J5/J$19*100) -> 9.3513579
A27: =A6 -> 4 | B27: =B6 -> ANDHRA PRADESH | C27: =IF(C$19=0,0,C6/C$19*100) -> 12.487521 | D27: =IF(D$19=0,0,D6/D$19*100) -> 13.532921 | E27: =IF(E$19=0,0,E6/E$19*100) -> 10.025225 | F27: =IF(F$19=0,0,F6/F$19*100) -> 8.0110206 | G27: =IF(G$19=0,0,G6/G$19*100) -> 4.4822645 | H27: =IF(H$19=0,0,H6/H$19*100) -> 4.083402 | I27: =IF(I$19=0,0,I6/I$19*100) -> 2.6063114 | J27: =IF(J$19=0,0,J6/J$19*100) -> 8.47563
A28: =A7 -> 5 | B28: =B7 -> TAMIL NADU | C28: =IF(C$19=0,0,C7/C$19*100) -> 7.0257272 | D28: =IF(D$19=0,0,D7/D$19*100) -> 7.7475908 | E28: =IF(E$19=0,0,E7/E$19*100) -> 7.6729313 | F28: =IF(F$19=0,0,F7/F$19*100) -> 3.5948531 | G28: =IF(G$19=0,0,G7/G$19*100) -> 4.3714337 | H28: =IF(H$19=0,0,H7/H$19*100) -> 4.3392804 | I28: =IF(I$19=0,0,I7/I$19*100) -> 3.0914239 | J28: =IF(J$19=0,0,J7/J$19*100) -> 5.6781437
A29: =A8 -> 6 | B29: =B8 -> PUNJAB | C29: =IF(C$19=0,0,C8/C$19*100) -> 6.2699453 | D29: =IF(D$19=0,0,D8/D$19*100) -> 7.3235631 | E29: =IF(E$19=0,0,E8/E$19*100) -> 5.2546623 | F29: =IF(F$19=0,0,F8/F$19*100) -> 5.6428628 | G29: =IF(G$19=0,0,G8/G$19*100) -> 5.4055845 | H29: =IF(H$19=0,0,H8/H$19*100) -> 2.8720115 | I29: =IF(I$19=0,0,I8/I$19*100) -> 2.5284463 | J29: =IF(J$19=0,0,J8/J$19*100) -> 5.3231492
A30: =A9 -> 7 | B30: =B9 -> UTTAR PRADESH | C30: =IF(C$19=0,0,C9/C$19*100) -> 4.058584 | D30: =IF(D$19=0,0,D9/D$19*100) -> 3.2961911 | E30: =IF(E$19=0,0,E9/E$19*100) -> 6.2850641 | F30: =IF(F$19=0,0,F9/F$19*100) -> 5.4429523 | G30: =IF(G$19=0,0,G9/G$19*100) -> 6.2824342 | H30: =IF(H$19=0,0,H9/H$19*100) -> 5.430746 | I30: =IF(I$19=0,0,I9/I$19*100) -> 4.0436249 | J30: =IF(J$19=0,0,J9/J$19*100) -> 5.0295937
A31: =A10 -> 8 | B31: =B10 -> WEST BENGAL | C31: =IF(C$19=0,0,C10/C$19*100) -> 0.89977498 | D31: =IF(D$19=0,0,D10/D$19*100) -> 0.52470168 | E31: =IF(E$19=0,0,E10/E$19*100) -> 4.0763778 | F31: =IF(F$19=0,0,F10/F$19*100) -> 8.3658518 | G31: =IF(G$19=0,0,G10/G$19*100) -> 3.0809372 | H31: =IF(H$19=0,0,H10/H$19*100) -> 9.2341688 | I31: =IF(I$19=0,0,I10/I$19*100) -> 10.465684 | J31: =IF(J$19=0,0,J10/J$19*100) -> 4.5985535
A32: =A11 -> 9 | B32: =B11 -> RAJASTHAN | C32: =IF(C$19=0,0,C11/C$19*100) -> 4.3936581 | D32: =IF(D$19=0,0,D11/D$19*100) -> 4.2295575 | E32: =IF(E$19=0,0,E11/E$19*100) -> 5.9358339 | F32: =IF(F$19=0,0,F11/F$19*100) -> 4.2297785 | G32: =IF(G$19=0,0,G11/G$19*100) -> 5.9656737 | H32: =IF(H$19=0,0,H11/H$19*100) -> 1.9978664 | I32: =IF(I$19=0,0,I11/I$19*100) -> 2.3859914 | J32: =IF(J$19=0,0,J11/J$19*100) -> 4.3191944
A33: =A12 -> 10 | B33: =B12 -> HARYANA | C33: =IF(C$19=0,0,C12/C$19*100) -> 4.8224295 | D33: =IF(D$19=0,0,D12/D$19*100) -> 4.6297261 | E33: =IF(E$19=0,0,E12/E$19*100) -> 4.958432 | F33: =IF(F$19=0,0,F12/F$19*100) -> 1.8757474 | G33: =IF(G$19=0,0,G12/G$19*100) -> 2.1726239 | H33: =IF(H$19=0,0,H12/H$19*100) -> 0.65632838 | I33: =IF(I$19=0,0,I12/I$19*100) -> 0.44457152 | J33: =IF(J$19=0,0,J12/J$19*100) -> 3.0406563
A34: =A13 -> 11 | B34: =B13 -> UTTARAKHAND | C34: =IF(C$19=0,0,C13/C$19*100) -> 3.1097893 | D34: =IF(D$19=0,0,D13/D$19*100) -> 2.0764246 | E34: =IF(E$19=0,0,E13/E$19*100) -> 2.8152194 | F34: =IF(F$19=0,0,F13/F$19*100) -> 2.5444671 | G34: =IF(G$19=0,0,G13/G$19*100) -> 3.6106924 | H34: =IF(H$19=0,0,H13/H$19*100) -> 2.3722802 | I34: =IF(I$19=0,0,I13/I$19*100) -> 3.3969104 | J34: =IF(J$19=0,0,J13/J$19*100) -> 2.7760314
A35: =A14 -> 12 | B35: =B14 -> JAMMU & KASHMIR | C35: =IF(C$19=0,0,C14/C$19*100) -> 2.6263094 | D35: =IF(D$19=0,0,D14/D$19*100) -> 2.8077881 | E35: =IF(E$19=0,0,E14/E$19*100) -> 3.9367861 | F35: =IF(F$19=0,0,F14/F$19*100) -> 4.7942406 | G35: =IF(G$19=0,0,G14/G$19*100) -> 2.6012775 | H35: =IF(H$19=0,0,H14/H$19*100) -> 0.48686207 | I35: =IF(I$19=0,0,I14/I$19*100) -> 0.3357646 | J35: =IF(J$19=0,0,J14/J$19*100) -> 2.6843497
... A40: =A19 -> 0 | B40: =B19 -> TOTAL | C40: =IF(C$19=0,0,C19/C$19*100) -> 100 | D40: =IF(D$19=0,0,D19/D$19*100) -> 100 | E40: =IF(E$19=0,0,E19/E$19*100) -> 100 | F40: =IF(F$19=0,0,F19/F$19*100) -> 100 | G40: =IF(G$19=0,0,G19/G$19*100) -> 100 | H40: =IF(H$19=0,0,H19/H$19*100) -> 100 | I40: =IF(I$19=0,0,I19/I$19*100) -> 100 | J40: =IF(J$19=0,0,J19/J$19*100) -> 100

Sheet Top15_ByYear_Purchased_CY
A1: PURCHASED in DAM - each period's own top 15 players (MU and % of that period), from Annual_Purchased_CY
A2: 2020 | F2: 2021 | K2: 2022 | P2: 2023 | U2: 2024 | Z2: 2025 | AE2: 2026 (2026-01 to 2026-03 only)
A3: Rank | B3: Player | C3: MU | D3: % share | F3: Rank | G3: Player | H3: MU | I3: % share | K3: Rank | L3: Player | M3: MU | N3: % share | P3: Rank | Q3: Player | R3: MU | S3: % share | U3: Rank | V3: Player | W3: MU | X3: % share | Z3: Rank | AA3: Player | AB3: MU | AC3: % share | AE3: Rank | AF3: Player | AG3: MU | AH3: % share
A4: 1 | B4: =INDEX(Annual_Purchased_CY!$A$3:$A$71,MATCH(A4,Annual_Purchased_CY!$K$3:$K$71,0)) -> MAHARASHTRA | C4: =INDEX(Annual_Purchased_CY!$B$3:$B$71,MATCH(B4,Annual_Purchased_CY!$A$3:$A$71,0)) -> 8058.03 | D4: =IF(C$20=0,0,C4/C$20*100) -> 14.28062 | F4: 1 | G4: =INDEX(Annual_Purchased_CY!$A$3:$A$71,MATCH(F4,Annual_Purchased_CY!$L$3:$L$71,0)) -> GUJARAT | H4: =INDEX(Annual_Purchased_CY!$C$3:$C$71,MATCH(G4,Annual_Purchased_CY!$A$3:$A$71,0)) -> 15447.25 | I4: =IF(H$20=0,0,H4/H$20*100) -> 23.519915 | K4: 1 | L4: =INDEX(Annual_Purchased_CY!$A$3:$A$71,MATCH(K4,Annual_Purchased_CY!$M$3:$M$71,0)) -> GUJARAT | M4: =INDEX(Annual_Purchased_CY!$D$3:$D$71,MATCH(L4,Annual_Purchased_CY!$A$3:$A$71,0)) -> 9169.02 | N4: =IF(M$20=0,0,M4/M$20*100) -> 17.045129 | P4: 1 | Q4: =INDEX(Annual_Purchased_CY!$A$3:$A$71,MATCH(P4,Annual_Purchased_CY!$N$3:$N$71,0)) -> GUJARAT | R4: =INDEX(Annual_Purchased_CY!$E$3:$E$71,MATCH(Q4,Annual_Purchased_CY!$A$3:$A$71,0)) -> 8901.45 | S4: =IF(R$20=0,0,R4/R$20*100) -> 16.83373 | U4: 1 | V4: =INDEX(Annual_Purchased_CY!$A$3:$A$71,MATCH(U4,Annual_Purchased_CY!$O$3:$O$71,0)) -> TELANGANA | W4: =INDEX(Annual_Purchased_CY!$F$3:$F$71,MATCH(V4,Annual_Purchased_CY!$A$3:$A$71,0)) -> 12124.25 | X4: =IF(W$20=0,0,W4/W$20*100) -> 20.44333 | Z4: 1 | AA4: =INDEX(Annual_Purchased_CY!$A$3:$A$71,MATCH(Z4,Annual_Purchased_CY!$P$3:$P$71,0)) -> TELANGANA | AB4: =INDEX(Annual_Purchased_CY!$G$3:$G$71,MATCH(AA4,Annual_Purchased_CY!$A$3:$A$71,0)) -> 11663.02 | AC4: =IF(AB$20=0,0,AB4/AB$20*100) -> 19.29223 | AE4: 1 | AF4: =INDEX(Annual_Purchased_CY!$A$3:$A$71,MATCH(AE4,Annual_Purchased_CY!$Q$3:$Q$71,0)) -> TELANGANA | AG4: =INDEX(Annual_Purchased_CY!$H$3:$H$71,MATCH(AF4,Annual_Purchased_CY!$A$3:$A$71,0)) -> 3910.73 | AH4: =IF(AG$20=0,0,AG4/AG$20*100) -> 19.967833
A5: 2 | B5: =INDEX(Annual_Purchased_CY!$A$3:$A$71,MATCH(A5,Annual_Purchased_CY!$K$3:$K$71,0)) -> ANDHRA PRADESH | C5: =INDEX(Annual_Purchased_CY!$B$3:$B$71,MATCH(B5,Annual_Purchased_CY!$A$3:$A$71,0)) -> 7046.25 | D5: =IF(C$20=0,0,C5/C$20*100) -> 12.487521 | F5: 2 | G5: =INDEX(Annual_Purchased_CY!$A$3:$A$71,MATCH(F5,Annual_Purchased_CY!$L$3:$L$71,0)) -> ANDHRA PRADESH | H5: =INDEX(Annual_Purchased_CY!$C$3:$C$71,MATCH(G5,Annual_Purchased_CY!$A$3:$A$71,0)) -> 8888.06 | I5: =IF(H$20=0,0,H5/H$20*100) -> 13.532921 | K5: 2 | L5: =INDEX(Annual_Purchased_CY!$A$3:$A$71,MATCH(K5,Annual_Purchased_CY!$M$3:$M$71,0)) -> ANDHRA PRADESH | M5: =INDEX(Annual_Purchased_CY!$D$3:$D$71,MATCH(L5,Annual_Purchased_CY!$A$3:$A$71,0)) -> 5392.83 | N5: =IF(M$20=0,0,M5/M$20*100) -> 10.025225 | P5: 2 | Q5: =INDEX(Annual_Purchased_CY!$A$3:$A$71,MATCH(P5,Annual_Purchased_CY!$N$3:$N$71,0)) -> TELANGANA | R5: =INDEX(Annual_Purchased_CY!$E$3:$E$71,MATCH(Q5,Annual_Purchased_CY!$A$3:$A$71,0)) -> 6192.82 | S5: =IF(R$20=0,0,R5/R$20*100) -> 11.711379 | U5: 2 | V5: =INDEX(Annual_Purchased_CY!$A$3:$A$71,MATCH(U5,Annual_Purchased_CY!$O$3:$O$71,0)) -> GUJARAT | W5: =INDEX(Annual_Purchased_CY!$F$3:$F$71,MATCH(V5,Annual_Purchased_CY!$A$3:$A$71,0)) -> 8835.37 | X5: =IF(W$20=0,0,W5/W$20*100) -> 14.897778 | Z5: 2 | AA5: =INDEX(Annual_Purchased_CY!$A$3:$A$71,MATCH(Z5,Annual_Purchased_CY!$P$3:$P$71,0)) -> GUJARAT | AB5: =INDEX(Annual_Purchased_CY!$G$3:$G$71,MATCH(AA5,Annual_Purchased_CY!$A$3:$A$71,0)) -> 10872.92 | AC5: =IF(AB$20=0,0,AB5/AB$20*100) -> 17.985297 | AE5: 2 | AF5: =INDEX(Annual_Purchased_CY!$A$3:$A$71,MATCH(AE5,Annual_Purchased_CY!$Q$3:$Q$71,0)) -> GUJARAT | AG5: =INDEX(Annual_Purchased_CY!$H$3:$H$71,MATCH(AF5,Annual_Purchased_CY!$A$3:$A$71,0)) -> 3372.16 | AH5: =IF(AG$20=0,0,AG5/AG$20*100) -> 17.217943
A6: 3 | B6: =INDEX(Annual_Purchased_CY!$A$3:$A$71,MATCH(A6,Annual_Purchased_CY!$K$3:$K$71,0)) -> TELANGANA | C6: =INDEX(Annual_Purchased_CY!$B$3:$B$71,MATCH(B6,Annual_Purchased_CY!$A$3:$A$71,0)) -> 6608.8 | D6: =IF(C$20=0,0,C6/C$20*100) -> 11.712263 | F6: 3 | G6: =INDEX(Annual_Purchased_CY!$A$3:$A$71,MATCH(F6,Annual_Purchased_CY!$L$3:$L$71,0)) -> MAHARASHTRA | H6: =INDEX(Annual_Purchased_CY!$C$3:$C$71,MATCH(G6,Annual_Purchased_CY!$A$3:$A$71,0)) -> 5669.74 | I6: =IF(H$20=0,0,H6/H$20*100) -> 8.6327213 | K6: 3 | L6: =INDEX(Annual_Purchased_CY!$A$3:$A$71,MATCH(K6,Annual_Purchased_CY!$M$3:$M$71,0)) -> TELANGANA | M6: =INDEX(Annual_Purchased_CY!$D$3:$D$71,MATCH(L6,Annual_Purchased_CY!$A$3:$A$71,0)) -> 4176.96 | N6: =IF(M$20=0,0,M6/M$20*100) -> 7.7649328 | P6: 3 | Q6: =INDEX(Annual_Purchased_CY!$A$3:$A$71,MATCH(P6,Annual_Purchased_CY!$N$3:$N$71,0)) -> MAHARASHTRA | R6: =INDEX(Annual_Purchased_CY!$E$3:$E$71,MATCH(Q6,Annual_Purchased_CY!$A$3:$A$71,0)) -> 5404.13 | S6: =IF(R$20=0,0,R6/R$20*100) -> 10.21987 | U6: 3 | V6: =INDEX(Annual_Purchased_CY!$A$3:$A$71,MATCH(U6,Annual_Purchased_CY!$O$3:$O$71,0)) -> MAHARASHTRA | W6: =INDEX(Annual_Purchased_CY!$F$3:$F$71,MATCH(V6,Annual_Purchased_CY!$A$3:$A$71,0)) -> 3837.63 | X6: =IF(W$20=0,0,W6/W$20*100) -> 6.470828 | Z6: 3 | AA6: =INDEX(Annual_Purchased_CY!$A$3:$A$71,MATCH(Z6,Annual_Purchased_CY!$P$3:$P$71,0)) -> MAHARASHTRA | AB6: =INDEX(Annual_Purchased_CY!$G$3:$G$71,MATCH(AA6,Annual_Purchased_CY!$A$3:$A$71,0)) -> 6583.13 | AC6: =IF(AB$20=0,0,AB6/AB$20*100) -> 10.889397 | AE6: 3 | AF6: =INDEX(Annual_Purchased_CY!$A$3:$A$71,MATCH(AE6,Annual_Purchased_CY!$Q$3:$Q$71,0)) -> WEST BENGAL | AG6: =INDEX(Annual_Purchased_CY!$H$3:$H$71,MATCH(AF6,Annual_Purchased_CY!$A$3:$A$71,0)) -> 2049.72 | AH6: =IF(AG$20=0,0,AG6/AG$20*100) -> 10.465684
A7: 4 | B7: =INDEX(Annual_Purchased_CY!$A$3:$A$71,MATCH(A7,Annual_Purchased_CY!$K$3:$K$71,0)) -> GUJARAT | C7: =INDEX(Annual_Purchased_CY!$B$3:$B$71,MATCH(B7,Annual_Purchased_CY!$A$3:$A$71,0)) -> 6460.98 | D7: =IF(C$20=0,0,C7/C$20*100) -> 11.450293 | F7: 4 | G7: =INDEX(Annual_Purchased_CY!$A$3:$A$71,MATCH(F7,Annual_Purchased_CY!$L$3:$L$71,0)) -> TELANGANA | H7: =INDEX(Annual_Purchased_CY!$C$3:$C$71,MATCH(G7,Annual_Purchased_CY!$A$3:$A$71,0)) -> 5170.85 | I7: =IF(H$20=0,0,H7/H$20*100) -> 7.8731136 | K7: 4 | L7: =INDEX(Annual_Purchased_CY!$A$3:$A$71,MATCH(K7,Annual_Purchased_CY!$M$3:$M$71,0)) -> TAMIL NADU | M7: =INDEX(Annual_Purchased_CY!$D$3:$D$71,MATCH(L7,Annual_Purchased_CY!$A$3:$A$71,0)) -> 4127.47 | N7: =IF(M$20=0,0,M7/M$20*100) -> 7.6729313 | P7: 4 | Q7: =INDEX(Annual_Purchased_CY!$A$3:$A$71,MATCH(P7,Annual_Purchased_CY!$N$3:$N$71,0)) -> WEST BENGAL | R7: =INDEX(Annual_Purchased_CY!$E$3:$E$71,MATCH(Q7,Annual_Purchased_CY!$A$3:$A$71,0)) -> 4423.75 | S7: =IF(R$20=0,0,R7/R$20*100) -> 8.3658518 | U7: 4 | V7: =INDEX(Annual_Purchased_CY!$A$3:$A$71,MATCH(U7,Annual_Purchased_CY!$O$3:$O$71,0)) -> UTTAR PRADESH | W7: =INDEX(Annual_Purchased_CY!$F$3:$F$71,MATCH(V7,Annual_Purchased_CY!$A$3:$A$71,0)) -> 3725.9 | X7: =IF(W$20=0,0,W7/W$20*100) -> 6.2824342 | Z7: 4 | AA7: =INDEX(Annual_Purchased_CY!$A$3:$A$71,MATCH(Z7,Annual_Purchased_CY!$P$3:$P$71,0)) -> WEST BENGAL | AB7: =INDEX(Annual_Purchased_CY!$G$3:$G$71,MATCH(AA7,Annual_Purchased_CY!$A$3:$A$71,0)) -> 5582.47 | AC7: =IF(AB$20=0,0,AB7/AB$20*100) -> 9.2341688 | AE7: 4 | AF7: =INDEX(Annual_Purchased_CY!$A$3:$A$71,MATCH(AE7,Annual_Purchased_CY!$Q$3:$Q$71,0)) -> DRUK GREEN POWER (BHUTAN) | AG7: =INDEX(Annual_Purchased_CY!$H$3:$H$71,MATCH(AF7,Annual_Purchased_CY!$A$3:$A$71,0)) -> 1431.28 | AH7: =IF(AG$20=0,0,AG7/AG$20*100) -> 7.3079859
A8: 5 | B8: =INDEX(Annual_Purchased_CY!$A$3:$A$71,MATCH(A8,Annual_Purchased_CY!$K$3:$K$71,0)) -> TAMIL NADU | C8: =INDEX(Annual_Purchased_CY!$B$3:$B$71,MATCH(B8,Annual_Purchased_CY!$A$3:$A$71,0)) -> 3964.36 | D8: =IF(C$20=0,0,C8/C$20*100) -> 7.0257272 | F8: 5 | G8: =INDEX(Annual_Purchased_CY!$A$3:$A$71,MATCH(F8,Annual_Purchased_CY!$L$3:$L$71,0)) -> TAMIL NADU | H8: =INDEX(Annual_Purchased_CY!$C$3:$C$71,MATCH(G8,Annual_Purchased_CY!$A$3:$A$71,0)) -> 5088.41 | I8: =IF(H$20=0,0,H8/H$20*100) -> 7.7475908 | K8: 5 | L8: =INDEX(Annual_Purchased_CY!$A$3:$A$71,MATCH(K8,Annual_Purchased_CY!$M$3:$M$71,0)) -> MAHARASHTRA | M8: =INDEX(Annual_Purchased_CY!$D$3:$D$71,MATCH(L8,Annual_Purchased_CY!$A$3:$A$71,0)) -> 3696.3 | N8: =IF(M$20=0,0,M8/M$20*100) -> 6.87139 | P8: 5 | Q8: =INDEX(Annual_Purchased_CY!$A$3:$A$71,MATCH(P8,Annual_Purchased_CY!$N$3:$N$71,0)) -> ANDHRA PRADESH | R8: =INDEX(Annual_Purchased_CY!$E$3:$E$71,MATCH(Q8,Annual_Purchased_CY!$A$3:$A$71,0)) -> 4236.12 | S8: =IF(R$20=0,0,R8/R$20*100) -> 8.0110206 | U8: 5 | V8: =INDEX(Annual_Purchased_CY!$A$3:$A$71,MATCH(U8,Annual_Purchased_CY!$O$3:$O$71,0)) -> RAJASTHAN | W8: =INDEX(Annual_Purchased_CY!$F$3:$F$71,MATCH(V8,Annual_Purchased_CY!$A$3:$A$71,0)) -> 3538.04 | X8: =IF(W$20=0,0,W8/W$20*100) -> 5.9656737 | Z8: 5 | AA8: =INDEX(Annual_Purchased_CY!$A$3:$A$71,MATCH(Z8,Annual_Purchased_CY!$P$3:$P$71,0)) -> UTTAR PRADESH | AB8: =INDEX(Annual_Purchased_CY!$G$3:$G$71,MATCH(AA8,Annual_Purchased_CY!$A$3:$A$71,0)) -> 3283.13 | AC8: =IF(AB$20=0,0,AB8/AB$20*100) -> 5.430746 | AE8: 5 | AF8: =INDEX(Annual_Purchased_CY!$A$3:$A$71,MATCH(AE8,Annual_Purchased_CY!$Q$3:$Q$71,0)) -> MAHARASHTRA | AG8: =INDEX(Annual_Purchased_CY!$H$3:$H$71,MATCH(AF8,Annual_Purchased_CY!$A$3:$A$71,0)) -> 1175.37 | AH8: =IF(AG$20=0,0,AG8/AG$20*100) -> 6.0013326
A9: 6 | B9: =INDEX(Annual_Purchased_CY!$A$3:$A$71,MATCH(A9,Annual_Purchased_CY!$K$3:$K$71,0)) -> PUNJAB | C9: =INDEX(Annual_Purchased_CY!$B$3:$B$71,MATCH(B9,Annual_Purchased_CY!$A$3:$A$71,0)) -> 3537.9 | D9: =IF(C$20=0,0,C9/C$20*100) -> 6.2699453 | F9: 6 | G9: =INDEX(Annual_Purchased_CY!$A$3:$A$71,MATCH(F9,Annual_Purchased_CY!$L$3:$L$71,0)) -> PUNJAB | H9: =INDEX(Annual_Purchased_CY!$C$3:$C$71,MATCH(G9,Annual_Purchased_CY!$A$3:$A$71,0)) -> 4809.92 | I9: =IF(H$20=0,0,H9/H$20*100) -> 7.3235631 | K9: 6 | L9: =INDEX(Annual_Purchased_CY!$A$3:$A$71,MATCH(K9,Annual_Purchased_CY!$M$3:$M$71,0)) -> UTTAR PRADESH | M9: =INDEX(Annual_Purchased_CY!$D$3:$D$71,MATCH(L9,Annual_Purchased_CY!$A$3:$A$71,0)) -> 3380.9 | N9: =IF(M$20=0,0,M9/M$20*100) -> 6.2850641 | P9: 6 | Q9: =INDEX(Annual_Purchased_CY!$A$3:$A$71,MATCH(P9,Annual_Purchased_CY!$N$3:$N$71,0)) -> PUNJAB | R9: =INDEX(Annual_Purchased_CY!$E$3:$E$71,MATCH(Q9,Annual_Purchased_CY!$A$3:$A$71,0)) -> 2983.87 | S9: =IF(R$20=0,0,R9/R$20*100) -> 5.6428628 | U9: 6 | V9: =INDEX(Annual_Purchased_CY!$A$3:$A$71,MATCH(U9,Annual_Purchased_CY!$O$3:$O$71,0)) -> PUNJAB | W9: =INDEX(Annual_Purchased_CY!$F$3:$F$71,MATCH(V9,Annual_Purchased_CY!$A$3:$A$71,0)) -> 3205.87 | X9: =IF(W$20=0,0,W9/W$20*100) -> 5.4055845 | Z9: 6 | AA9: =INDEX(Annual_Purchased_CY!$A$3:$A$71,MATCH(Z9,Annual_Purchased_CY!$P$3:$P$71,0)) -> TAMIL NADU | AB9: =INDEX(Annual_Purchased_CY!$G$3:$G$71,MATCH(AA9,Annual_Purchased_CY!$A$3:$A$71,0)) -> 2623.29 | AC9: =IF(AB$20=0,0,AB9/AB$20*100) -> 4.3392804 | AE9: 6 | AF9: =INDEX(Annual_Purchased_CY!$A$3:$A$71,MATCH(AE9,Annual_Purchased_CY!$Q$3:$Q$71,0)) -> UTTAR PRADESH | AG9: =INDEX(Annual_Purchased_CY!$H$3:$H$71,MATCH(AF9,Annual_Purchased_CY!$A$3:$A$71,0)) -> 791.95 | AH9: =IF(AG$20=0,0,AG9/AG$20*100) -> 4.0436249
A10: 7 | B10: =INDEX(Annual_Purchased_CY!$A$3:$A$71,MATCH(A10,Annual_Purchased_CY!$K$3:$K$71,0)) -> HARYANA | C10: =INDEX(Annual_Purchased_CY!$B$3:$B$71,MATCH(B10,Annual_Purchased_CY!$A$3:$A$71,0)) -> 2721.12 | D10: =IF(C$20=0,0,C10/C$20*100) -> 4.8224295 | F10: 7 | G10: =INDEX(Annual_Purchased_CY!$A$3:$A$71,MATCH(F10,Annual_Purchased_CY!$L$3:$L$71,0)) -> HARYANA | H10: =INDEX(Annual_Purchased_CY!$C$3:$C$71,MATCH(G10,Annual_Purchased_CY!$A$3:$A$71,0)) -> 3040.68 | I10: =IF(H$20=0,0,H10/H$20*100) -> 4.6297261 | K10: 7 | L10: =INDEX(Annual_Purchased_CY!$A$3:$A$71,MATCH(K10,Annual_Purchased_CY!$M$3:$M$71,0)) -> RAJASTHAN | M10: =INDEX(Annual_Purchased_CY!$D$3:$D$71,MATCH(L10,Annual_Purchased_CY!$A$3:$A$71,0)) -> 3193.04 | N10: =IF(M$20=0,0,M10/M$20*100) -> 5.9358339 | P10: 7 | Q10: =INDEX(Annual_Purchased_CY!$A$3:$A$71,MATCH(P10,Annual_Purchased_CY!$N$3:$N$71,0)) -> UTTAR PRADESH | R10: =INDEX(Annual_Purchased_CY!$E$3:$E$71,MATCH(Q10,Annual_Purchased_CY!$A$3:$A$71,0)) -> 2878.16 | S10: =IF(R$20=0,0,R10/R$20*100) -> 5.4429523 | U10: 7 | V10: =INDEX(Annual_Purchased_CY!$A$3:$A$71,MATCH(U10,Annual_Purchased_CY!$O$3:$O$71,0)) -> ANDHRA PRADESH | W10: =INDEX(Annual_Purchased_CY!$F$3:$F$71,MATCH(V10,Annual_Purchased_CY!$A$3:$A$71,0)) -> 2658.28 | X10: =IF(W$20=0,0,W10/W$20*100) -> 4.4822645 | Z10: 7 | AA10: =INDEX(Annual_Purchased_CY!$A$3:$A$71,MATCH(Z10,Annual_Purchased_CY!$P$3:$P$71,0)) -> ANDHRA PRADESH | AB10: =INDEX(Annual_Purchased_CY!$G$3:$G$71,MATCH(AA10,Annual_Purchased_CY!$A$3:$A$71,0)) -> 2468.6 | AC10: =IF(AB$20=0,0,AB10/AB$20*100) -> 4.083402 | AE10: 7 | AF10: =INDEX(Annual_Purchased_CY!$A$3:$A$71,MATCH(AE10,Annual_Purchased_CY!$Q$3:$Q$71,0)) -> KARNATAKA | AG10: =INDEX(Annual_Purchased_CY!$H$3:$H$71,MATCH(AF10,Annual_Purchased_CY!$A$3:$A$71,0)) -> 713.69 | AH10: =IF(AG$20=0,0,AG10/AG$20*100) -> 3.6440364
A11: 8 | B11: =INDEX(Annual_Purchased_CY!$A$3:$A$71,MATCH(A11,Annual_Purchased_CY!$K$3:$K$71,0)) -> RAJASTHAN | C11: =INDEX(Annual_Purchased_CY!$B$3:$B$71,MATCH(B11,Annual_Purchased_CY!$A$3:$A$71,0)) -> 2479.18 | D11: =IF(C$20=0,0,C11/C$20*100) -> 4.3936581 | F11: 8 | G11: =INDEX(Annual_Purchased_CY!$A$3:$A$71,MATCH(F11,Annual_Purchased_CY!$L$3:$L$71,0)) -> RAJASTHAN | H11: =INDEX(Annual_Purchased_CY!$C$3:$C$71,MATCH(G11,Annual_Purchased_CY!$A$3:$A$71,0)) -> 2777.86 | I11: =IF(H$20=0,0,H11/H$20*100) -> 4.2295575 | K11: 8 | L11: =INDEX(Annual_Purchased_CY!$A$3:$A$71,MATCH(K11,Annual_Purchased_CY!$M$3:$M$71,0)) -> PUNJAB | M11: =INDEX(Annual_Purchased_CY!$D$3:$D$71,MATCH(L11,Annual_Purchased_CY!$A$3:$A$71,0)) -> 2826.62 | N11: =IF(M$20=0,0,M11/M$20*100) -> 5.2546623 | P11: 8 | Q11: =INDEX(Annual_Purchased_CY!$A$3:$A$71,MATCH(P11,Annual_Purchased_CY!$N$3:$N$71,0)) -> JAMMU & KASHMIR | R11: =INDEX(Annual_Purchased_CY!$E$3:$E$71,MATCH(Q11,Annual_Purchased_CY!$A$3:$A$71,0)) -> 2535.13 | S11: =IF(R$20=0,0,R11/R$20*100) -> 4.7942406 | U11: 8 | V11: =INDEX(Annual_Purchased_CY!$A$3:$A$71,MATCH(U11,Annual_Purchased_CY!$O$3:$O$71,0)) -> TAMIL NADU | W11: =INDEX(Annual_Purchased_CY!$F$3:$F$71,MATCH(V11,Annual_Purchased_CY!$A$3:$A$71,0)) -> 2592.55 | X11: =IF(W$20=0,0,W11/W$20*100) -> 4.3714337 | Z11: 8 | AA11: =INDEX(Annual_Purchased_CY!$A$3:$A$71,MATCH(Z11,Annual_Purchased_CY!$P$3:$P$71,0)) -> KARNATAKA | AB11: =INDEX(Annual_Purchased_CY!$G$3:$G$71,MATCH(AA11,Annual_Purchased_CY!$A$3:$A$71,0)) -> 1787.51 | AC11: =IF(AB$20=0,0,AB11/AB$20*100) -> 2.956786 | AE11: 8 | AF11: =INDEX(Annual_Purchased_CY!$A$3:$A$71,MATCH(AE11,Annual_Purchased_CY!$Q$3:$Q$71,0)) -> UTTARAKHAND | AG11: =INDEX(Annual_Purchased_CY!$H$3:$H$71,MATCH(AF11,Annual_Purchased_CY!$A$3:$A$71,0)) -> 665.29 | AH11: =IF(AG$20=0,0,AG11/AG$20*100) -> 3.3969104
A12: 9 | B12: =INDEX(Annual_Purchased_CY!$A$3:$A$71,MATCH(A12,Annual_Purchased_CY!$K$3:$K$71,0)) -> UTTAR PRADESH | C12: =INDEX(Annual_Purchased_CY!$B$3:$B$71,MATCH(B12,Annual_Purchased_CY!$A$3:$A$71,0)) -> 2290.11 | D12: =IF(C$20=0,0,C12/C$20*100) -> 4.058584 | F12: 9 | G12: =INDEX(Annual_Purchased_CY!$A$3:$A$71,MATCH(F12,Annual_Purchased_CY!$L$3:$L$71,0)) -> UTTAR PRADESH | H12: =INDEX(Annual_Purchased_CY!$C$3:$C$71,MATCH(G12,Annual_Purchased_CY!$A$3:$A$71,0)) -> 2164.85 | I12: =IF(H$20=0,0,H12/H$20*100) -> 3.2961911 | K12: 9 | L12: =INDEX(Annual_Purchased_CY!$A$3:$A$71,MATCH(K12,Annual_Purchased_CY!$M$3:$M$71,0)) -> HARYANA | M12: =INDEX(Annual_Purchased_CY!$D$3:$D$71,MATCH(L12,Annual_Purchased_CY!$A$3:$A$71,0)) -> 2667.27 | N12: =IF(M$20=0,0,M12/M$20*100) -> 4.958432 | P12: 9 | Q12: =INDEX(Annual_Purchased_CY!$A$3:$A$71,MATCH(P12,Annual_Purchased_CY!$N$3:$N$71,0)) -> RAJASTHAN | R12: =INDEX(Annual_Purchased_CY!$E$3:$E$71,MATCH(Q12,Annual_Purchased_CY!$A$3:$A$71,0)) -> 2236.65 | S12: =IF(R$20=0,0,R12/R$20*100) -> 4.2297785 | U12: 9 | V12: =INDEX(Annual_Purchased_CY!$A$3:$A$71,MATCH(U12,Annual_Purchased_CY!$O$3:$O$71,0)) -> UTTARAKHAND | W12: =INDEX(Annual_Purchased_CY!$F$3:$F$71,MATCH(V12,Annual_Purchased_CY!$A$3:$A$71,0)) -> 2141.38 | X12: =IF(W$20=0,0,W12/W$20*100) -> 3.6106924 | Z12: 9 | AA12: =INDEX(Annual_Purchased_CY!$A$3:$A$71,MATCH(Z12,Annual_Purchased_CY!$P$3:$P$71,0)) -> PUNJAB | AB12: =INDEX(Annual_Purchased_CY!$G$3:$G$71,MATCH(AA12,Annual_Purchased_CY!$A$3:$A$71,0)) -> 1736.26 | AC12: =IF(AB$20=0,0,AB12/AB$20*100) -> 2.8720115 | AE12: 9 | AF12: =INDEX(Annual_Purchased_CY!$A$3:$A$71,MATCH(AE12,Annual_Purchased_CY!$Q$3:$Q$71,0)) -> TAMIL NADU | AG12: =INDEX(Annual_Purchased_CY!$H$3:$H$71,MATCH(AF12,Annual_Purchased_CY!$A$3:$A$71,0)) -> 605.46 | AH12: =IF(AG$20=0,0,AG12/AG$20*100) -> 3.0914239
A13: 10 | B13: =INDEX(Annual_Purchased_CY!$A$3:$A$71,MATCH(A13,Annual_Purchased_CY!$K$3:$K$71,0)) -> DELHI | C13: =INDEX(Annual_Purchased_CY!$B$3:$B$71,MATCH(B13,Annual_Purchased_CY!$A$3:$A$71,0)) -> 2116.35 | D13: =IF(C$20=0,0,C13/C$20*100) -> 3.7506427 | F13: 10 | G13: =INDEX(Annual_Purchased_CY!$A$3:$A$71,MATCH(F13,Annual_Purchased_CY!$L$3:$L$71,0)) -> JAMMU & KASHMIR | H13: =INDEX(Annual_Purchased_CY!$C$3:$C$71,MATCH(G13,Annual_Purchased_CY!$A$3:$A$71,0)) -> 1844.08 | I13: =IF(H$20=0,0,H13/H$20*100) -> 2.8077881 | K13: 10 | L13: =INDEX(Annual_Purchased_CY!$A$3:$A$71,MATCH(K13,Annual_Purchased_CY!$M$3:$M$71,0)) -> WEST BENGAL | M13: =INDEX(Annual_Purchased_CY!$D$3:$D$71,MATCH(L13,Annual_Purchased_CY!$A$3:$A$71,0)) -> 2192.79 | N13: =IF(M$20=0,0,M13/M$20*100) -> 4.0763778 | P13: 10 | Q13: =INDEX(Annual_Purchased_CY!$A$3:$A$71,MATCH(P13,Annual_Purchased_CY!$N$3:$N$71,0)) -> TAMIL NADU | R13: =INDEX(Annual_Purchased_CY!$E$3:$E$71,MATCH(Q13,Annual_Purchased_CY!$A$3:$A$71,0)) -> 1900.91 | S13: =IF(R$20=0,0,R13/R$20*100) -> 3.5948531 | U13: 10 | V13: =INDEX(Annual_Purchased_CY!$A$3:$A$71,MATCH(U13,Annual_Purchased_CY!$O$3:$O$71,0)) -> WEST BENGAL | W13: =INDEX(Annual_Purchased_CY!$F$3:$F$71,MATCH(V13,Annual_Purchased_CY!$A$3:$A$71,0)) -> 1827.2 | X13: =IF(W$20=0,0,W13/W$20*100) -> 3.0809372 | Z13: 10 | AA13: =INDEX(Annual_Purchased_CY!$A$3:$A$71,MATCH(Z13,Annual_Purchased_CY!$P$3:$P$71,0)) -> UTTARAKHAND | AB13: =INDEX(Annual_Purchased_CY!$G$3:$G$71,MATCH(AA13,Annual_Purchased_CY!$A$3:$A$71,0)) -> 1434.15 | AC13: =IF(AB$20=0,0,AB13/AB$20*100) -> 2.3722802 | AE13: 10 | AF13: =INDEX(Annual_Purchased_CY!$A$3:$A$71,MATCH(AE13,Annual_Purchased_CY!$Q$3:$Q$71,0)) -> MADHYA PRADESH | AG13: =INDEX(Annual_Purchased_CY!$H$3:$H$71,MATCH(AF13,Annual_Purchased_CY!$A$3:$A$71,0)) -> 542.57 | AH13: =IF(AG$20=0,0,AG13/AG$20*100) -> 2.7703132
A14: 11 | B14: =INDEX(Annual_Purchased_CY!$A$3:$A$71,MATCH(A14,Annual_Purchased_CY!$K$3:$K$71,0)) -> UTTARAKHAND | C14: =INDEX(Annual_Purchased_CY!$B$3:$B$71,MATCH(B14,Annual_Purchased_CY!$A$3:$A$71,0)) -> 1754.74 | D14: =IF(C$20=0,0,C14/C$20*100) -> 3.1097893 | F14: 11 | G14: =INDEX(Annual_Purchased_CY!$A$3:$A$71,MATCH(F14,Annual_Purchased_CY!$L$3:$L$71,0)) -> UTTARAKHAND | H14: =INDEX(Annual_Purchased_CY!$C$3:$C$71,MATCH(G14,Annual_Purchased_CY!$A$3:$A$71,0)) -> 1363.74 | I14: =IF(H$20=0,0,H14/H$20*100) -> 2.0764246 | K14: 11 | L14: =INDEX(Annual_Purchased_CY!$A$3:$A$71,MATCH(K14,Annual_Purchased_CY!$M$3:$M$71,0)) -> JAMMU & KASHMIR | M14: =INDEX(Annual_Purchased_CY!$D$3:$D$71,MATCH(L14,Annual_Purchased_CY!$A$3:$A$71,0)) -> 2117.7 | N14: =IF(M$20=0,0,M14/M$20*100) -> 3.9367861 | P14: 11 | Q14: =INDEX(Annual_Purchased_CY!$A$3:$A$71,MATCH(P14,Annual_Purchased_CY!$N$3:$N$71,0)) -> UTTARAKHAND | R14: =INDEX(Annual_Purchased_CY!$E$3:$E$71,MATCH(Q14,Annual_Purchased_CY!$A$3:$A$71,0)) -> 1345.48 | S14: =IF(R$20=0,0,R14/R$20*100) -> 2.5444671 | U14: 11 | V14: =INDEX(Annual_Purchased_CY!$A$3:$A$71,MATCH(U14,Annual_Purchased_CY!$O$3:$O$71,0)) -> DNH & DD (UT) | W14: =INDEX(Annual_Purchased_CY!$F$3:$F$71,MATCH(V14,Annual_Purchased_CY!$A$3:$A$71,0)) -> 1697.12 | X14: =IF(W$20=0,0,W14/W$20*100) -> 2.8616025 | Z14: 11 | AA14: =INDEX(Annual_Purchased_CY!$A$3:$A$71,MATCH(Z14,Annual_Purchased_CY!$P$3:$P$71,0)) -> MADHYA PRADESH | AB14: =INDEX(Annual_Purchased_CY!$G$3:$G$71,MATCH(AA14,Annual_Purchased_CY!$A$3:$A$71,0)) -> 1219.09 | AC14: =IF(AB$20=0,0,AB14/AB$20*100) -> 2.0165416 | AE14: 11 | AF14: =INDEX(Annual_Purchased_CY!$A$3:$A$71,MATCH(AE14,Annual_Purchased_CY!$Q$3:$Q$71,0)) -> ANDHRA PRADESH | AG14: =INDEX(Annual_Purchased_CY!$H$3:$H$71,MATCH(AF14,Annual_Purchased_CY!$A$3:$A$71,0)) -> 510.45 | AH14: =IF(AG$20=0,0,AG14/AG$20*100) -> 2.6063114
A15: 12 | B15: =INDEX(Annual_Purchased_CY!$A$3:$A$71,MATCH(A15,Annual_Purchased_CY!$K$3:$K$71,0)) -> BIHAR | C15: =INDEX(Annual_Purchased_CY!$B$3:$B$71,MATCH(B15,Annual_Purchased_CY!$A$3:$A$71,0)) -> 1521.65 | D15: =IF(C$20=0,0,C15/C$20*100) -> 2.6967021 | F15: 12 | G15: =INDEX(Annual_Purchased_CY!$A$3:$A$71,MATCH(F15,Annual_Purchased_CY!$L$3:$L$71,0)) -> MADHYA PRADESH | H15: =INDEX(Annual_Purchased_CY!$C$3:$C$71,MATCH(G15,Annual_Purchased_CY!$A$3:$A$71,0)) -> 1081.17 | I15: =IF(H$20=0,0,H15/H$20*100) -> 1.6461847 | K15: 12 | L15: =INDEX(Annual_Purchased_CY!$A$3:$A$71,MATCH(K15,Annual_Purchased_CY!$M$3:$M$71,0)) -> UTTARAKHAND | M15: =INDEX(Annual_Purchased_CY!$D$3:$D$71,MATCH(L15,Annual_Purchased_CY!$A$3:$A$71,0)) -> 1514.38 | N15: =IF(M$20=0,0,M15/M$20*100) -> 2.8152194 | P15: 12 | Q15: =INDEX(Annual_Purchased_CY!$A$3:$A$71,MATCH(P15,Annual_Purchased_CY!$N$3:$N$71,0)) -> NEPAL (NEA / NVVN) | R15: =INDEX(Annual_Purchased_CY!$E$3:$E$71,MATCH(Q15,Annual_Purchased_CY!$A$3:$A$71,0)) -> 1208.55 | S15: =IF(R$20=0,0,R15/R$20*100) -> 2.2855157 | U15: 12 | V15: =INDEX(Annual_Purchased_CY!$A$3:$A$71,MATCH(U15,Annual_Purchased_CY!$O$3:$O$71,0)) -> JAMMU & KASHMIR | W15: =INDEX(Annual_Purchased_CY!$F$3:$F$71,MATCH(V15,Annual_Purchased_CY!$A$3:$A$71,0)) -> 1542.73 | X15: =IF(W$20=0,0,W15/W$20*100) -> 2.6012775 | Z15: 12 | AA15: =INDEX(Annual_Purchased_CY!$A$3:$A$71,MATCH(Z15,Annual_Purchased_CY!$P$3:$P$71,0)) -> RAJASTHAN | AB15: =INDEX(Annual_Purchased_CY!$G$3:$G$71,MATCH(AA15,Annual_Purchased_CY!$A$3:$A$71,0)) -> 1207.8 | AC15: =IF(AB$20=0,0,AB15/AB$20*100) -> 1.9978664 | AE15: 12 | AF15: =INDEX(Annual_Purchased_CY!$A$3:$A$71,MATCH(AE15,Annual_Purchased_CY!$Q$3:$Q$71,0)) -> PUNJAB | AG15: =INDEX(Annual_Purchased_CY!$H$3:$H$71,MATCH(AF15,Annual_Purchased_CY!$A$3:$A$71,0)) -> 495.2 | AH15: =IF(AG$20=0,0,AG15/AG$20*100) -> 2.5284463
... A18: 15 | B18: =INDEX(Annual_Purchased_CY!$A$3:$A$71,MATCH(A18,Annual_Purchased_CY!$K$3:$K$71,0)) -> KARNATAKA | C18: =INDEX(Annual_Purchased_CY!$B$3:$B$71,MATCH(B18,Annual_Purchased_CY!$A$3:$A$71,0)) -> 907.26 | D18: =IF(C$20=0,0,C18/C$20*100) -> 1.6078664 | F18: 15 | G18: =INDEX(Annual_Purchased_CY!$A$3:$A$71,MATCH(F18,Annual_Purchased_CY!$L$3:$L$71,0)) -> DELHI | H18: =INDEX(Annual_Purchased_CY!$C$3:$C$71,MATCH(G18,Annual_Purchased_CY!$A$3:$A$71,0)) -> 975.24 | I18: =IF(H$20=0,0,H18/H$20*100) -> 1.4848962 | K18: 15 | L18: =INDEX(Annual_Purchased_CY!$A$3:$A$71,MATCH(K18,Annual_Purchased_CY!$M$3:$M$71,0)) -> DNH & DD (UT) | M18: =INDEX(Annual_Purchased_CY!$D$3:$D$71,MATCH(L18,Annual_Purchased_CY!$A$3:$A$71,0)) -> 1003.85 | N18: =IF(M$20=0,0,M18/M$20*100) -> 1.8661485 | P18: 15 | Q18: =INDEX(Annual_Purchased_CY!$A$3:$A$71,MATCH(P18,Annual_Purchased_CY!$N$3:$N$71,0)) -> KARNATAKA | R18: =INDEX(Annual_Purchased_CY!$E$3:$E$71,MATCH(Q18,Annual_Purchased_CY!$A$3:$A$71,0)) -> 816.15 | S18: =IF(R$20=0,0,R18/R$20*100) -> 1.5434394 | U18: 15 | V18: =INDEX(Annual_Purchased_CY!$A$3:$A$71,MATCH(U18,Annual_Purchased_CY!$O$3:$O$71,0)) -> NEPAL (NEA / NVVN) | W18: =INDEX(Annual_Purchased_CY!$F$3:$F$71,MATCH(V18,Annual_Purchased_CY!$A$3:$A$71,0)) -> 1278.94 | X18: =IF(W$20=0,0,W18/W$20*100) -> 2.1564874 | Z18: 15 | AA18: =INDEX(Annual_Purchased_CY!$A$3:$A$71,MATCH(Z18,Annual_Purchased_CY!$P$3:$P$71,0)) -> DRUK GREEN POWER (BHUTAN) | AB18: =INDEX(Annual_Purchased_CY!$G$3:$G$71,MATCH(AA18,Annual_Purchased_CY!$A$3:$A$71,0)) -> 1046.15 | AC18: =IF(AB$20=0,0,AB18/AB$20*100) -> 1.7304752 | AE18: 15 | AF18: =INDEX(Annual_Purchased_CY!$A$3:$A$71,MATCH(AE18,Annual_Purchased_CY!$Q$3:$Q$71,0)) -> GREENKO AP01 IREP (PSP) | AG18: =INDEX(Annual_Purchased_CY!$H$3:$H$71,MATCH(AF18,Annual_Purchased_CY!$A$3:$A$71,0)) -> 364.7 | AH18: =IF(AG$20=0,0,AG18/AG$20*100) -> 1.8621251
B19: ="OTHERS ("&(COUNTIF(Annual_Purchased_CY!$B$3:$B$71,">0")-15)&" players)" -> OTHERS (21 players) | C19: =C20-SUM(C4:C18) -> 4466.99 | D19: =IF(C20=0,0,C19/C20*100) -> 7.9164993 | G19: ="OTHERS ("&(COUNTIF(Annual_Purchased_CY!$C$3:$C$71,">0")-15)&" players)" -> OTHERS (27 players) | H19: =H20-SUM(H4:H18) -> 5305.86 | I19: =IF(H20=0,0,H19/H20*100) -> 8.0786792 | L19: ="OTHERS ("&(COUNTIF(Annual_Purchased_CY!$D$3:$D$71,">0")-15)&" players)" -> OTHERS (23 players) | M19: =M20-SUM(M4:M18) -> 5973.16 | N19: =IF(M20=0,0,M19/M20*100) -> 11.104053 | Q19: ="OTHERS ("&(COUNTIF(Annual_Purchased_CY!$E$3:$E$71,">0")-15)&" players)" -> OTHERS (28 players) | R19: =R20-SUM(R4:R18) -> 5852.036 | S19: =IF(R20=0,0,R19/R20*100) -> 11.066915 | V19: ="OTHERS ("&(COUNTIF(Annual_Purchased_CY!$F$3:$F$71,">0")-15)&" players)" -> OTHERS (32 players) | W19: =W20-SUM(W4:W18) -> 7636.81 | X19: =IF(W20=0,0,W19/W20*100) -> 12.876823 | AA19: ="OTHERS ("&(COUNTIF(Annual_Purchased_CY!$G$3:$G$71,">0")-15)&" players)" -> OTHERS (43 players) | AB19: =AB20-SUM(AB4:AB18) -> 6633.024 | AC19: =IF(AB20=0,0,AB19/AB20*100) -> 10.971929 | AF19: ="OTHERS ("&(COUNTIF(Annual_Purchased_CY!$H$3:$H$71,">0")-15)&" players)" -> OTHERS (32 players) | AG19: =AG20-SUM(AG4:AG18) -> 2113.52 | AH19: =IF(AG20=0,0,AG19/AG20*100) -> 10.791441
B20: TOTAL | C20: =Annual_Purchased_CY!B72 -> 56426.33 | D20: =IF(C20=0,0,SUM(D4:D19)) -> 100 | G20: TOTAL | H20: =Annual_Purchased_CY!C72 -> 65677.32 | I20: =IF(H20=0,0,SUM(I4:I19)) -> 100 | L20: TOTAL | M20: =Annual_Purchased_CY!D72 -> 53792.61 | N20: =IF(M20=0,0,SUM(N4:N19)) -> 100 | Q20: TOTAL | R20: =Annual_Purchased_CY!E72 -> 52878.656 | S20: =IF(R20=0,0,SUM(S4:S19)) -> 100 | V20: TOTAL | W20: =Annual_Purchased_CY!F72 -> 59306.63 | X20: =IF(W20=0,0,SUM(X4:X19)) -> 100 | AA20: TOTAL | AB20: =Annual_Purchased_CY!G72 -> 60454.494 | AC20: =IF(AB20=0,0,SUM(AC4:AC19)) -> 100 | AF20: TOTAL | AG20: =Annual_Purchased_CY!H72 -> 19585.15 | AH20: =IF(AG20=0,0,SUM(AH4:AH19)) -> 100

Sheet AnnualGroup_Purchased_CY
A1: PURCHASED in DAM by group and CY (MU). Formulas: SUMIFS over Monthly_Purchased. | H1: 2026-01 to 2026-03 only
A2: Group | B2: 2020 | C2: 2021 | D2: 2022 | E2: 2023 | F2: 2024 | G2: 2025 | H2: 2026 | I2: TOTAL | J2: Rank (TOTAL) | K2: Rank 2020 | L2: Rank 2021 | M2: Rank 2022 | N2: Rank 2023 | O2: Rank 2024 | P2: Rank 2025 | Q2: Rank 2026
A3: 2X600 VEDANTA LIMITED CHHATTISGARH POWER PLANT | B3: =ROUND(SUMIFS(Monthly_Purchased!$H$2:$H$2607,Monthly_Purchased!$G$2:$G$2607,$A3,Monthly_Purchased!$B$2:$B$2607,B$2),4) -> 0 | C3: =ROUND(SUMIFS(Monthly_Purchased!$H$2:$H$2607,Monthly_Purchased!$G$2:$G$2607,$A3,Monthly_Purchased!$B$2:$B$2607,C$2),4) -> 0 | D3: =ROUND(SUMIFS(Monthly_Purchased!$H$2:$H$2607,Monthly_Purchased!$G$2:$G$2607,$A3,Monthly_Purchased!$B$2:$B$2607,D$2),4) -> 0 | E3: =ROUND(SUMIFS(Monthly_Purchased!$H$2:$H$2607,Monthly_Purchased!$G$2:$G$2607,$A3,Monthly_Purchased!$B$2:$B$2607,E$2),4) -> 0 | F3: =ROUND(SUMIFS(Monthly_Purchased!$H$2:$H$2607,Monthly_Purchased!$G$2:$G$2607,$A3,Monthly_Purchased!$B$2:$B$2607,F$2),4) -> 0 | G3: =ROUND(SUMIFS(Monthly_Purchased!$H$2:$H$2607,Monthly_Purchased!$G$2:$G$2607,$A3,Monthly_Purchased!$B$2:$B$2607,G$2),4) -> 8.82 | H3: =ROUND(SUMIFS(Monthly_Purchased!$H$2:$H$2607,Monthly_Purchased!$G$2:$G$2607,$A3,Monthly_Purchased!$B$2:$B$2607,H$2),4) -> 17.99 | I3: =ROUND(SUM(B3:H3),4) -> 26.81 | J3: =RANK(I3,$I$3:$I$67,0)+COUNTIF($I$3:I3,I3)-1 -> 46 | K3: =RANK(B3,$B$3:$B$67,0)+COUNTIF($B$3:B3,B3)-1 -> 37 | L3: =RANK(C3,$C$3:$C$67,0)+COUNTIF($C$3:C3,C3)-1 -> 43 | M3: =RANK(D3,$D$3:$D$67,0)+COUNTIF($D$3:D3,D3)-1 -> 39 | N3: =RANK(E3,$E$3:$E$67,0)+COUNTIF($E$3:E3,E3)-1 -> 44 | O3: =RANK(F3,$F$3:$F$67,0)+COUNTIF($F$3:F3,F3)-1 -> 48 | P3: =RANK(G3,$G$3:$G$67,0)+COUNTIF($G$3:G3,G3)-1 -> 45 | Q3: =RANK(H3,$H$3:$H$67,0)+COUNTIF($H$3:H3,H3)-1 -> 34
A4: ACME | B4: =ROUND(SUMIFS(Monthly_Purchased!$H$2:$H$2607,Monthly_Purchased!$G$2:$G$2607,$A4,Monthly_Purchased!$B$2:$B$2607,B$2),4) -> 0 | C4: =ROUND(SUMIFS(Monthly_Purchased!$H$2:$H$2607,Monthly_Purchased!$G$2:$G$2607,$A4,Monthly_Purchased!$B$2:$B$2607,C$2),4) -> 0 | D4: =ROUND(SUMIFS(Monthly_Purchased!$H$2:$H$2607,Monthly_Purchased!$G$2:$G$2607,$A4,Monthly_Purchased!$B$2:$B$2607,D$2),4) -> 0 | E4: =ROUND(SUMIFS(Monthly_Purchased!$H$2:$H$2607,Monthly_Purchased!$G$2:$G$2607,$A4,Monthly_Purchased!$B$2:$B$2607,E$2),4) -> 0 | F4: =ROUND(SUMIFS(Monthly_Purchased!$H$2:$H$2607,Monthly_Purchased!$G$2:$G$2607,$A4,Monthly_Purchased!$B$2:$B$2607,F$2),4) -> 0 | G4: =ROUND(SUMIFS(Monthly_Purchased!$H$2:$H$2607,Monthly_Purchased!$G$2:$G$2607,$A4,Monthly_Purchased!$B$2:$B$2607,G$2),4) -> 0 | H4: =ROUND(SUMIFS(Monthly_Purchased!$H$2:$H$2607,Monthly_Purchased!$G$2:$G$2607,$A4,Monthly_Purchased!$B$2:$B$2607,H$2),4) -> 0.06 | I4: =ROUND(SUM(B4:H4),4) -> 0.06 | J4: =RANK(I4,$I$3:$I$67,0)+COUNTIF($I$3:I4,I4)-1 -> 65 | K4: =RANK(B4,$B$3:$B$67,0)+COUNTIF($B$3:B4,B4)-1 -> 38 | L4: =RANK(C4,$C$3:$C$67,0)+COUNTIF($C$3:C4,C4)-1 -> 44 | M4: =RANK(D4,$D$3:$D$67,0)+COUNTIF($D$3:D4,D4)-1 -> 40 | N4: =RANK(E4,$E$3:$E$67,0)+COUNTIF($E$3:E4,E4)-1 -> 45 | O4: =RANK(F4,$F$3:$F$67,0)+COUNTIF($F$3:F4,F4)-1 -> 49 | P4: =RANK(G4,$G$3:$G$67,0)+COUNTIF($G$3:G4,G4)-1 -> 57 | Q4: =RANK(H4,$H$3:$H$67,0)+COUNTIF($H$3:H4,H4)-1 -> 47
